9.0232,-79.53154,6, Region2
9.0232,-79.53154,6, Region2
9.0232,-79.53154,6, Region2
9.0232,-79.53153,6, Region2
9.0232,-79.53153,6, Region2
9.02319,-79.53153,6, Region2
9.02319,-79.53153,6, Region2
9.02319,-79.53153,6, Region2
9.02319,-79.53153,6, Region2
9.02319,-79.53152,6, Region2
9.02319,-79.53152,6, Region2
9.02319,-79.53152,6, Region2
9.02319,-79.53152,6, Region2
9.02319,-79.53152,6, Region2
9.02319,-79.53152,6, Region2
9.02319,-79.53152,6, Region2
9.02319,-79.53152,6, Region2
9.02319,-79.53152,6, Region2
9.02319,-79.53152,6, Region2
9.02319,-79.53152,6, Region2
9.02319,-79.53152,6, Region2
9.02319,-79.53152,6, Region2
9.02319,-79.53152,6, Region2
9.02319,-79.53152,6, Region2
9.02319,-79.53152,6, Region2
9.02319,-79.53152,6, Region2
9.02319,-79.53152,6, Region2
9.02319,-79.53152,6, Region2
9.02319,-79.53152,6, Region2
9.02319,-79.53152,6, Region2
9.02319,-79.53152,6, Region2
9.02319,-79.53152,6, Region2
9.02319,-79.53152,6, Region2
9.02319,-79.53152,6, Region2
9.02319,-79.53152,6, Region2
9.02319,-79.53152,6, Region2
9.02319,-79.53152,6, Region2
9.02319,-79.53152,6, Region2
9.02318,-79.53152,6, Region2
9.02318,-79.53152,6, Region2
9.02318,-79.53151,7, Region2
9.02318,-79.53151,7, Region2
9.02319,-79.53151,7, Region2
9.02319,-79.53151,7, Region2
9.02319,-79.53152,6, Region2
9.02319,-79.53151,7, Region2
9.02319,-79.53151,7, Region2
9.02319,-79.53151,7, Region2
9.02319,-79.53151,7, Region2
9.02319,-79.53151,7, Region2
9.02319,-79.53151,7, Region2
9.02318,-79.53151,7, Region2
9.02318,-79.53151,7, Region2
9.02318,-79.53151,7, Region2
9.02318,-79.53151,7, Region2
9.02318,-79.53151,7, Region2
9.02318,-79.53151,7, Region2
9.02318,-79.53151,7, Region2
9.02318,-79.53151,7, Region2
9.02318,-79.53151,7, Region2
9.02318,-79.53151,7, Region2
9.02318,-79.53151,7, Region2
9.02318,-79.53151,7, Region2
9.02318,-79.53151,7, Region2
9.02319,-79.53151,7, Region2
9.02319,-79.53151,7, Region2
9.02319,-79.53151,7, Region2
9.02319,-79.53151,7, Region2
9.02319,-79.53151,7, Region2
9.02318,-79.53151,7, Region2
9.02318,-79.53151,7, Region2
9.02318,-79.53151,7, Region2
9.02318,-79.53151,7, Region2
9.02318,-79.53151,7, Region2
9.02318,-79.53151,7, Region2
9.02318,-79.53151,7, Region2
9.02318,-79.53151,7, Region2
9.02318,-79.53151,7, Region2
9.02318,-79.53151,7, Region2
9.02318,-79.53151,7, Region2
9.02318,-79.53151,7, Region2
9.02318,-79.53151,7, Region2
9.02318,-79.53151,7, Region2
9.02318,-79.53151,7, Region2
9.02318,-79.53151,7, Region2
9.02318,-79.53151,7, Region2
9.02318,-79.53151,7, Region2
9.02318,-79.53151,7, Region2
9.02318,-79.53151,7, Region2
9.02318,-79.53151,7, Region2
9.02318,-79.53151,7, Region2
9.02318,-79.53151,7, Region2
9.02318,-79.53151,7, Region2
9.02318,-79.53151,7, Region2
9.02318,-79.53151,7, Region2
9.02318,-79.53151,7, Region2
9.02318,-79.53151,7, Region2
9.02318,-79.53151,7, Region2
9.02318,-79.53151,7, Region2
9.02318,-79.53151,7, Region2
9.02318,-79.53151,7, Region2
9.02318,-79.53151,7, Region2
9.02318,-79.53151,7, Region2
9.02318,-79.53151,7, Region2
9.02318,-79.53151,7, Region2
9.02318,-79.53151,7, Region2
9.02318,-79.53151,7, Region2
9.02318,-79.53151,7, Region2
9.02318,-79.53151,7, Region2
9.02319,-79.53151,7, Region2
9.02319,-79.53151,7, Region2
9.02319,-79.53152,6, Region2
9.0232,-79.53152,7, Region2
9.0232,-79.53152,7, Region2
9.0232,-79.53153,6, Region2
9.02321,-79.53153,7, Region2
9.02321,-79.53153,7, Region2
9.02321,-79.53153,7, Region2
9.02321,-79.53153,7, Region2
9.02321,-79.53153,7, Region2
9.02322,-79.53154,8, Region2
9.02322,-79.53154,8, Region2
9.02322,-79.53154,8, Region2
9.02323,-79.53154,9, Region2
9.02323,-79.53154,9, Region2
9.02324,-79.53155,10, Region2
9.02324,-79.53155,10, Region2
9.02325,-79.53155,11, Region2
9.02325,-79.53155,11, Region2
9.02325,-79.53156,11, Region2
9.02326,-79.53156,12, Region2
9.02326,-79.53156,12, Region2
9.02326,-79.53156,12, Region2
9.02326,-79.53157,12, Region2
9.02327,-79.53157,13, Region2
9.02327,-79.53157,13, Region2
9.02328,-79.53158,14, Region2
9.02328,-79.53158,14, Region2
9.02328,-79.53158,14, Region2
9.02328,-79.53158,14, Region2
9.02328,-79.53158,14, Region2
9.02329,-79.53158,15, Region2
9.02329,-79.53159,15, Region2
9.0233,-79.53159,16, Region2
9.0233,-79.5316,17, Region2
9.0233,-79.5316,17, Region2
9.02331,-79.5316,18, Region2
9.02331,-79.53161,18, Region2
9.02331,-79.53161,18, Region2
9.02332,-79.53161,19, Region2
9.02332,-79.53161,19, Region2
9.02332,-79.53161,19, Region2
9.02332,-79.53162,19, Region2
9.02333,-79.53162,20, Region2
9.02333,-79.53162,20, Region2
9.02333,-79.53162,20, Region2
9.02334,-79.53162,22, Region2
9.02334,-79.53163,22, Region2
9.02335,-79.53163,23, Region2
9.02335,-79.53164,23, Region2
9.02336,-79.53164,24, Region2
9.02336,-79.53164,24, Region2
9.02336,-79.53165,25, Region2
9.02337,-79.53165,26, Region2
9.02337,-79.53165,26, Region2
9.02337,-79.53165,26, Region2
9.02337,-79.53165,26, Region2
9.02337,-79.53166,26, Region2
9.02337,-79.53166,26, Region2
9.02337,-79.53166,26, Region2
9.02338,-79.53166,27, Region2
9.02338,-79.53166,27, Region2
9.02338,-79.53166,27, Region2
9.02338,-79.53166,27, Region2
9.02338,-79.53166,27, Region2
9.02337,-79.53165,26, Region2
9.02337,-79.53165,26, Region2
9.02336,-79.53163,24, Region2
9.02336,-79.53162,24, Region2
9.02337,-79.53163,25, Region2
9.02337,-79.53163,25, Region2
9.02336,-79.53163,24, Region2
9.02336,-79.53163,24, Region2
9.02336,-79.53163,24, Region2
9.02336,-79.53163,24, Region2
9.02336,-79.53163,24, Region2
9.02337,-79.53163,25, Region2
9.02337,-79.53163,25, Region2
9.02337,-79.53164,25, Region2
9.02337,-79.53164,25, Region2
9.02337,-79.53164,25, Region2
9.02337,-79.53164,25, Region2
9.02337,-79.53164,25, Region2
9.02337,-79.53164,25, Region2
9.02337,-79.53164,25, Region2
9.02337,-79.53164,25, Region2
9.02337,-79.53164,25, Region2
9.02337,-79.53164,25, Region2
9.02337,-79.53164,25, Region2
9.02337,-79.53164,25, Region2
9.02336,-79.53164,24, Region2
9.02336,-79.53164,24, Region2
9.02336,-79.53164,24, Region2
9.02336,-79.53165,25, Region2
9.02336,-79.53164,24, Region2
9.02336,-79.53164,24, Region2
9.02336,-79.53165,25, Region2
9.02336,-79.53164,24, Region2
9.02335,-79.53164,23, Region2
9.02335,-79.53164,23, Region2
9.02335,-79.53164,23, Region2
9.02335,-79.53164,23, Region2
9.02335,-79.53164,23, Region2
9.02335,-79.53164,23, Region2
9.02335,-79.53164,23, Region2
9.02335,-79.53164,23, Region2
9.02335,-79.53165,24, Region2
9.02335,-79.53165,24, Region2
9.02335,-79.53165,24, Region2
9.02335,-79.53165,24, Region2
9.0232,-79.53153,6, Region2
9.0232,-79.53152,7, Region2
9.02319,-79.53152,6, Region2
9.02319,-79.53152,6, Region2
9.02319,-79.53152,6, Region2
9.02319,-79.53152,6, Region2
9.02319,-79.53152,6, Region2
9.02319,-79.53152,6, Region2
9.02318,-79.53152,6, Region2
9.02318,-79.53152,6, Region2
9.02318,-79.53152,6, Region2
9.02318,-79.53152,6, Region2
9.02318,-79.53152,6, Region2
9.02317,-79.53152,5, Region2
9.02316,-79.53151,6, Region2
9.02316,-79.53151,6, Region2
9.02316,-79.53151,6, Region2
9.02316,-79.53151,6, Region2
9.02316,-79.53152,5, Region2
9.02316,-79.53152,5, Region2
9.02316,-79.53152,5, Region2
9.02316,-79.53152,5, Region2
9.02316,-79.53152,5, Region2
9.02316,-79.53152,5, Region2
9.02316,-79.53152,5, Region2
9.02317,-79.53152,5, Region2
9.02317,-79.53152,5, Region2
9.02317,-79.53152,5, Region2
9.02317,-79.53152,5, Region2
9.02317,-79.53152,5, Region2
9.02317,-79.53152,5, Region2
9.02317,-79.53152,5, Region2
9.02317,-79.53152,5, Region2
9.02317,-79.53152,5, Region2
9.02317,-79.53152,5, Region2
9.02316,-79.53152,5, Region2
9.02316,-79.53152,5, Region2
9.02316,-79.53152,5, Region2
9.02316,-79.53152,5, Region2
9.02316,-79.53151,6, Region2
9.02316,-79.53151,6, Region2
9.02316,-79.53151,6, Region2
9.02316,-79.53151,6, Region2
9.02316,-79.53151,6, Region2
9.02316,-79.53151,6, Region2
9.02316,-79.53151,6, Region2
9.02316,-79.53151,6, Region2
9.02316,-79.53151,6, Region2
9.02316,-79.53152,5, Region2
9.02316,-79.53151,6, Region2
9.02317,-79.53152,5, Region2
9.02317,-79.53152,5, Region2
9.02317,-79.53152,5, Region2
9.02317,-79.53152,5, Region2
9.02317,-79.53152,5, Region2
9.02317,-79.53152,5, Region2
9.02317,-79.53152,5, Region2
9.02317,-79.53152,5, Region2
9.02317,-79.53152,5, Region2
9.02317,-79.53152,5, Region2
9.02317,-79.53153,4, Region2
9.02317,-79.53152,5, Region2
9.02316,-79.53151,6, Region2
9.02316,-79.53151,6, Region2
9.02315,-79.53152,5, Region2
9.02315,-79.53152,5, Region2
9.02314,-79.53153,4, Region2
9.02314,-79.53153,4, Region2
9.02314,-79.53154,3, Region2
9.02313,-79.53154,3, Region2
9.02313,-79.53155,2, Region2
9.02312,-79.53155,3, Region2
9.02312,-79.53155,3, Region2
9.02313,-79.53155,2, Region2
9.02312,-79.53155,3, Region2
9.02312,-79.53156,3, Region2
9.02313,-79.53156,2, Region2
9.02313,-79.53156,2, Region2
9.02313,-79.53156,2, Region2
9.02313,-79.53156,2, Region2
9.02313,-79.53156,2, Region2
9.02313,-79.53156,2, Region2
9.02313,-79.53156,2, Region2
9.02313,-79.53156,2, Region2
9.02313,-79.53155,2, Region2
9.02313,-79.53155,2, Region2
9.02314,-79.53154,3, Region2
9.02314,-79.53154,3, Region2
9.02314,-79.53153,4, Region2
9.02314,-79.53153,4, Region2
9.02315,-79.53153,3, Region2
9.02315,-79.53153,3, Region2
9.02316,-79.53152,5, Region2
9.02317,-79.53152,5, Region2
9.02317,-79.53152,5, Region2
9.02318,-79.53152,6, Region2
9.02318,-79.53152,6, Region2
9.02319,-79.53152,6, Region2
9.02319,-79.53152,6, Region2
9.0232,-79.53153,6, Region2
9.0232,-79.53153,6, Region2
9.02321,-79.53153,7, Region2
9.02321,-79.53153,7, Region2
9.02322,-79.53153,8, Region2
9.02322,-79.53154,8, Region2
9.02321,-79.53151,9, Region2
9.0232,-79.53151,8, Region2
9.0232,-79.53151,8, Region2
9.0232,-79.53151,8, Region2
9.0232,-79.53152,7, Region2
9.0232,-79.53152,7, Region2
9.02319,-79.53152,6, Region2
9.02319,-79.53152,6, Region2
9.02319,-79.53153,6, Region2
9.02319,-79.53153,6, Region2
9.02319,-79.53154,5, Region2
9.02318,-79.53154,4, Region2
9.02318,-79.53154,4, Region2
9.02318,-79.53155,3, Region2
9.02318,-79.53155,3, Region2
9.02318,-79.53155,3, Region2
9.02318,-79.53156,3, Region2
9.02318,-79.53156,3, Region2
9.02318,-79.53156,3, Region2
9.02318,-79.53155,3, Region2
9.02318,-79.53156,3, Region2
9.02319,-79.53156,4, Region2
9.02319,-79.53155,4, Region2
9.0232,-79.53155,5, Region2
9.0232,-79.53155,5, Region2
9.0232,-79.53155,5, Region2
9.02321,-79.53154,7, Region2
9.02321,-79.53154,7, Region2
9.02321,-79.53154,7, Region2
9.02321,-79.53154,7, Region2
9.02321,-79.53154,7, Region2
9.02321,-79.53155,6, Region2
9.02321,-79.53155,6, Region2
9.02321,-79.53154,7, Region2
9.02321,-79.53154,7, Region2
9.02321,-79.53154,7, Region2
9.02321,-79.53154,7, Region2
9.02322,-79.53154,8, Region2
9.02322,-79.53154,8, Region2
9.0232,-79.53152,7, Region2
9.02319,-79.53151,7, Region2
9.02319,-79.53152,6, Region2
9.02319,-79.53152,6, Region2
9.02319,-79.53152,6, Region2
9.02319,-79.53153,6, Region2
9.02319,-79.53153,6, Region2
9.02319,-79.53153,6, Region2
9.02318,-79.53153,5, Region2
9.02318,-79.53153,5, Region2
9.02318,-79.53153,5, Region2
9.02317,-79.53153,4, Region2
9.02317,-79.53154,3, Region2
9.02317,-79.53153,4, Region2
9.02316,-79.53154,3, Region2
9.02316,-79.53154,3, Region2
9.02315,-79.53154,2, Region2
9.02315,-79.53155,1, Region2
9.02314,-79.53155,2, Region2
9.02315,-79.53155,1, Region2
9.02315,-79.53155,1, Region2
9.02314,-79.53155,2, Region2
9.02314,-79.53155,2, Region2
9.02314,-79.53155,2, Region2
9.02314,-79.53155,2, Region2
9.02314,-79.53154,3, Region2
9.02314,-79.53154,3, Region2
