9.02322164223, -79.5314790508, 48, Region 1
9.02322164223, -79.5314790508, 48, Region 1
9.02322164223, -79.5314790508, 48, Region 1
9.02322164223, -79.5314790508, 48, Region 1
9.02322164223, -79.5314790508, 48, Region 1
9.02322164223, -79.5314790508, 48, Region 1
9.02322164223, -79.5314790508, 48, Region 1
9.02322164223, -79.5314790508, 48, Region 1
9.02322164223, -79.5314790508, 48, Region 1
9.02322164223, -79.5314790508, 48, Region 1
9.02322159161, -79.5314790973, 48, Region 1
9.02322159161, -79.5314790973, 48, Region 1
9.02322159161, -79.5314790973, 48, Region 1
9.02322159161, -79.5314790973, 48, Region 1
9.02322159161, -79.5314790973, 48, Region 1
9.02322159161, -79.5314790973, 48, Region 1
9.02322159161, -79.5314790973, 48, Region 1
9.02322159161, -79.5314790973, 48, Region 1
9.02322159161, -79.5314790973, 48, Region 1
9.02322159161, -79.5314790973, 48, Region 1
9.02322125573, -79.5314794063, 48, Region 1
9.02322125573, -79.5314794063, 48, Region 1
9.02322125573, -79.5314794063, 48, Region 1
9.02322125573, -79.5314794063, 48, Region 1
9.02322125573, -79.5314794063, 48, Region 1
9.02322125573, -79.5314794063, 48, Region 1
9.02322125573, -79.5314794063, 48, Region 1
9.02322125573, -79.5314794063, 48, Region 1
9.02322125573, -79.5314794063, 48, Region 1
9.02322125573, -79.5314794063, 48, Region 1
9.02322210028, -79.5314786294, 48, Region 1
9.02322210028, -79.5314786294, 48, Region 1
9.02322210028, -79.5314786294, 48, Region 1
9.02322210028, -79.5314786294, 48, Region 1
9.02322210028, -79.5314786294, 48, Region 1
9.02322210028, -79.5314786294, 48, Region 1
9.02322210028, -79.5314786294, 48, Region 1
9.02322210028, -79.5314786294, 48, Region 1
9.02322210028, -79.5314786294, 48, Region 1
9.02322210028, -79.5314786294, 48, Region 1
9.02322177938, -79.5314789246, 48, Region 1
9.02322177938, -79.5314789246, 48, Region 1
9.02322177938, -79.5314789246, 48, Region 1
9.02322177938, -79.5314789246, 48, Region 1
9.02322177938, -79.5314789246, 48, Region 1
9.02322177938, -79.5314789246, 48, Region 1
9.02322177938, -79.5314789246, 48, Region 1
9.02322177938, -79.5314789246, 48, Region 1
9.02322177938, -79.5314789246, 48, Region 1
9.02322177938, -79.5314789246, 48, Region 1
9.02322215106, -79.5314785827, 48, Region 1
9.02322215106, -79.5314785827, 48, Region 1
9.02322215106, -79.5314785827, 48, Region 1
9.02322215106, -79.5314785827, 48, Region 1
9.02322215106, -79.5314785827, 48, Region 1
9.02322215106, -79.5314785827, 48, Region 1
9.02322215106, -79.5314785827, 48, Region 1
9.02322215106, -79.5314785827, 48, Region 1
9.02322215106, -79.5314785827, 48, Region 1
9.02322215106, -79.5314785827, 48, Region 1
9.02322164925, -79.5314790443, 48, Region 1
9.02322164925, -79.5314790443, 48, Region 1
9.02322164925, -79.5314790443, 48, Region 1
9.02322164925, -79.5314790443, 48, Region 1
9.02322164925, -79.5314790443, 48, Region 1
9.02322164925, -79.5314790443, 48, Region 1
9.02322164925, -79.5314790443, 48, Region 1
9.02322164925, -79.5314790443, 48, Region 1
9.02322164925, -79.5314790443, 48, Region 1
9.02322164925, -79.5314790443, 48, Region 1
9.0232212446, -79.5314794165, 48, Region 1
9.0232212446, -79.5314794165, 48, Region 1
9.0232212446, -79.5314794165, 48, Region 1
9.0232212446, -79.5314794165, 48, Region 1
9.0232212446, -79.5314794165, 48, Region 1
9.0232212446, -79.5314794165, 48, Region 1
9.0232212446, -79.5314794165, 48, Region 1
9.0232212446, -79.5314794165, 48, Region 1
9.0232212446, -79.5314794165, 48, Region 1
9.0232212446, -79.5314794165, 48, Region 1
9.02322076448, -79.5314798582, 48, Region 1
9.02322076448, -79.5314798582, 48, Region 1
9.02322076448, -79.5314798582, 48, Region 1
9.02322076448, -79.5314798582, 48, Region 1
9.02322076448, -79.5314798582, 48, Region 1
9.02322076448, -79.5314798582, 48, Region 1
9.02322076448, -79.5314798582, 48, Region 1
9.02322076448, -79.5314798582, 48, Region 1
9.02322076448, -79.5314798582, 48, Region 1
9.02322076448, -79.5314798582, 48, Region 1
9.0232197893, -79.5314807553, 48, Region 1
9.0232197893, -79.5314807553, 48, Region 1
9.0232197893, -79.5314807553, 48, Region 1
9.0232197893, -79.5314807553, 48, Region 1
9.0232197893, -79.5314807553, 48, Region 1
9.0232197893, -79.5314807553, 48, Region 1
9.0232197893, -79.5314807553, 48, Region 1
9.0232197893, -79.5314807553, 48, Region 1
9.0232197893, -79.5314807553, 48, Region 1
9.0232197893, -79.5314807553, 48, Region 1
9.02321962654, -79.531480905, 48, Region 1
9.02321962654, -79.531480905, 48, Region 1
9.02321962654, -79.531480905, 48, Region 1
9.02321962654, -79.531480905, 48, Region 1
9.02321962654, -79.531480905, 48, Region 1
9.02321962654, -79.531480905, 48, Region 1
9.02321962654, -79.531480905, 48, Region 1
9.02321962654, -79.531480905, 48, Region 1
9.02321962654, -79.531480905, 48, Region 1
9.02321962654, -79.531480905, 48, Region 1
9.02321993719, -79.5314806192, 48, Region 1
9.02321993719, -79.5314806192, 48, Region 1
9.02321993719, -79.5314806192, 48, Region 1
9.02321993719, -79.5314806192, 48, Region 1
9.02321993719, -79.5314806192, 48, Region 1
9.02321993719, -79.5314806192, 48, Region 1
9.02321993719, -79.5314806192, 48, Region 1
9.02321993719, -79.5314806192, 48, Region 1
9.02321993719, -79.5314806192, 48, Region 1
9.02321993719, -79.5314806192, 48, Region 1
9.02321927991, -79.5314812239, 48, Region 1
9.02321927991, -79.5314812239, 48, Region 1
9.02321927991, -79.5314812239, 48, Region 1
9.02321927991, -79.5314812239, 48, Region 1
9.02321927991, -79.5314812239, 48, Region 1
9.02321927991, -79.5314812239, 48, Region 1
9.02321927991, -79.5314812239, 48, Region 1
9.02321927991, -79.5314812239, 48, Region 1
9.02321927991, -79.5314812239, 48, Region 1
9.02321927991, -79.5314812239, 48, Region 1
9.02321950011, -79.5314810213, 48, Region 1
9.02321950011, -79.5314810213, 48, Region 1
9.02321950011, -79.5314810213, 48, Region 1
9.02321950011, -79.5314810213, 48, Region 1
9.02321950011, -79.5314810213, 48, Region 1
9.02321950011, -79.5314810213, 48, Region 1
9.02321950011, -79.5314810213, 48, Region 1
9.02321950011, -79.5314810213, 48, Region 1
9.02321950011, -79.5314810213, 48, Region 1
9.02321950011, -79.5314810213, 48, Region 1
9.02321905563, -79.5314814302, 48, Region 1
9.02321905563, -79.5314814302, 48, Region 1
9.02321905563, -79.5314814302, 48, Region 1
9.02321905563, -79.5314814302, 48, Region 1
9.02321905563, -79.5314814302, 48, Region 1
9.02321905563, -79.5314814302, 48, Region 1
9.02321905563, -79.5314814302, 48, Region 1
9.02321905563, -79.5314814302, 48, Region 1
9.02321905563, -79.5314814302, 48, Region 1
9.02321905563, -79.5314814302, 48, Region 1
9.02321832638, -79.5314821011, 48, Region 1
9.02321832638, -79.5314821011, 48, Region 1
9.02321832638, -79.5314821011, 48, Region 1
9.02321832638, -79.5314821011, 48, Region 1
9.02321832638, -79.5314821011, 48, Region 1
9.02321832638, -79.5314821011, 48, Region 1
9.02321832638, -79.5314821011, 48, Region 1
9.02321832638, -79.5314821011, 48, Region 1
9.02321832638, -79.5314821011, 48, Region 1
9.02321832638, -79.5314821011, 48, Region 1
9.02321789688, -79.5314824962, 48, Region 1
9.02321789688, -79.5314824962, 48, Region 1
9.02321789688, -79.5314824962, 48, Region 1
9.02321789688, -79.5314824962, 48, Region 1
9.02321789688, -79.5314824962, 48, Region 1
9.02321789688, -79.5314824962, 48, Region 1
9.02321789688, -79.5314824962, 48, Region 1
9.02321789688, -79.5314824962, 48, Region 1
9.02321789688, -79.5314824962, 48, Region 1
9.02321789688, -79.5314824962, 48, Region 1
9.02321584563, -79.5314843831, 47, Region 1
9.02321584563, -79.5314843831, 47, Region 1
9.02321584563, -79.5314843831, 47, Region 1
9.02321584563, -79.5314843831, 47, Region 1
9.02321584563, -79.5314843831, 47, Region 1
9.02321584563, -79.5314843831, 47, Region 1
9.02321584563, -79.5314843831, 47, Region 1
9.02321584563, -79.5314843831, 47, Region 1
9.02321584563, -79.5314843831, 47, Region 1
9.02321584563, -79.5314843831, 47, Region 1
9.02321551699, -79.5314846855, 47, Region 1
9.02321551699, -79.5314846855, 47, Region 1
9.02321551699, -79.5314846855, 47, Region 1
9.02321551699, -79.5314846855, 47, Region 1
9.02321551699, -79.5314846855, 47, Region 1
9.02321551699, -79.5314846855, 47, Region 1
9.02321551699, -79.5314846855, 47, Region 1
9.02321551699, -79.5314846855, 47, Region 1
9.02321551699, -79.5314846855, 47, Region 1
9.02321551699, -79.5314846855, 47, Region 1
9.02321451322, -79.5314856088, 47, Region 1
9.02321451322, -79.5314856088, 47, Region 1
9.02321451322, -79.5314856088, 47, Region 1
9.02321451322, -79.5314856088, 47, Region 1
9.02321451322, -79.5314856088, 47, Region 1
9.02321451322, -79.5314856088, 47, Region 1
9.02321451322, -79.5314856088, 47, Region 1
9.02321451322, -79.5314856088, 47, Region 1
9.02321451322, -79.5314856088, 47, Region 1
9.02321451322, -79.5314856088, 47, Region 1
9.0232139901, -79.5314860901, 47, Region 1
9.0232139901, -79.5314860901, 47, Region 1
9.0232139901, -79.5314860901, 47, Region 1
9.0232139901, -79.5314860901, 47, Region 1
9.0232139901, -79.5314860901, 47, Region 1
9.0232139901, -79.5314860901, 47, Region 1
9.0232139901, -79.5314860901, 47, Region 1
9.0232139901, -79.5314860901, 47, Region 1
9.0232139901, -79.5314860901, 47, Region 1
9.0232139901, -79.5314860901, 47, Region 1
9.02321280597, -79.5314871794, 47, Region 1
9.02321280597, -79.5314871794, 47, Region 1
9.02321280597, -79.5314871794, 47, Region 1
9.02321280597, -79.5314871794, 47, Region 1
9.02321280597, -79.5314871794, 47, Region 1
9.02321280597, -79.5314871794, 47, Region 1
9.02321280597, -79.5314871794, 47, Region 1
9.02321280597, -79.5314871794, 47, Region 1
9.02321280597, -79.5314871794, 47, Region 1
9.02321280597, -79.5314871794, 47, Region 1
9.02321071472, -79.5314891031, 47, Region 1
9.02321071472, -79.5314891031, 47, Region 1
9.02321071472, -79.5314891031, 47, Region 1
9.02321071472, -79.5314891031, 47, Region 1
9.02321071472, -79.5314891031, 47, Region 1
9.02321071472, -79.5314891031, 47, Region 1
9.02321071472, -79.5314891031, 47, Region 1
9.02321071472, -79.5314891031, 47, Region 1
9.02321071472, -79.5314891031, 47, Region 1
9.02321071472, -79.5314891031, 47, Region 1
9.02320902562, -79.531490657, 46, Region 1
9.02320902562, -79.531490657, 46, Region 1
9.02320902562, -79.531490657, 46, Region 1
9.02320902562, -79.531490657, 46, Region 1
9.02320902562, -79.531490657, 46, Region 1
9.02320902562, -79.531490657, 46, Region 1
9.02320902562, -79.531490657, 46, Region 1
9.02320902562, -79.531490657, 46, Region 1
9.02320902562, -79.531490657, 46, Region 1
9.02320902562, -79.531490657, 46, Region 1
9.02320766782, -79.531491906, 46, Region 1
9.02320766782, -79.531491906, 46, Region 1
9.02320766782, -79.531491906, 46, Region 1
9.02320766782, -79.531491906, 46, Region 1
9.02320766782, -79.531491906, 46, Region 1
9.02320766782, -79.531491906, 46, Region 1
9.02320766782, -79.531491906, 46, Region 1
9.02320766782, -79.531491906, 46, Region 1
9.02320766782, -79.531491906, 46, Region 1
9.02320766782, -79.531491906, 46, Region 1
9.02320634265, -79.5314931251, 46, Region 1
9.02320634265, -79.5314931251, 46, Region 1
9.02320634265, -79.5314931251, 46, Region 1
9.02320634265, -79.5314931251, 46, Region 1
9.02320634265, -79.5314931251, 46, Region 1
9.02320634265, -79.5314931251, 46, Region 1
9.02320634265, -79.5314931251, 46, Region 1
9.02320634265, -79.5314931251, 46, Region 1
9.02320634265, -79.5314931251, 46, Region 1
9.02320634265, -79.5314931251, 46, Region 1
9.02320649093, -79.5314929887, 46, Region 1
9.02320649093, -79.5314929887, 46, Region 1
9.02320649093, -79.5314929887, 46, Region 1
9.02320649093, -79.5314929887, 46, Region 1
9.02320649093, -79.5314929887, 46, Region 1
9.02320649093, -79.5314929887, 46, Region 1
9.02320649093, -79.5314929887, 46, Region 1
9.02320649093, -79.5314929887, 46, Region 1
9.02320649093, -79.5314929887, 46, Region 1
9.02320649093, -79.5314929887, 46, Region 1
9.02320572855, -79.53149369, 46, Region 1
9.02320572855, -79.53149369, 46, Region 1
9.02320572855, -79.53149369, 46, Region 1
9.02320572855, -79.53149369, 46, Region 1
9.02320572855, -79.53149369, 46, Region 1
9.02320572855, -79.53149369, 46, Region 1
9.02320572855, -79.53149369, 46, Region 1
9.02320572855, -79.53149369, 46, Region 1
9.02320572855, -79.53149369, 46, Region 1
9.02320572855, -79.53149369, 46, Region 1
9.02320583344, -79.5314935935, 46, Region 1
9.02320583344, -79.5314935935, 46, Region 1
9.02320583344, -79.5314935935, 46, Region 1
9.02320583344, -79.5314935935, 46, Region 1
9.02320583344, -79.5314935935, 46, Region 1
9.02320583344, -79.5314935935, 46, Region 1
9.02320583344, -79.5314935935, 46, Region 1
9.02320583344, -79.5314935935, 46, Region 1
9.02320583344, -79.5314935935, 46, Region 1
9.02320583344, -79.5314935935, 46, Region 1
9.02320504267, -79.531494321, 46, Region 1
9.02320504267, -79.531494321, 46, Region 1
9.02320504267, -79.531494321, 46, Region 1
9.02320504267, -79.531494321, 46, Region 1
9.02320504267, -79.531494321, 46, Region 1
9.02320504267, -79.531494321, 46, Region 1
9.02320504267, -79.531494321, 46, Region 1
9.02320504267, -79.531494321, 46, Region 1
9.02320504267, -79.531494321, 46, Region 1
9.02320504267, -79.531494321, 46, Region 1
9.02314972246, -79.5315452109, 37, Region 1
9.02314972246, -79.5315452109, 37, Region 1
9.02314972246, -79.5315452109, 37, Region 1
9.02314972246, -79.5315452109, 37, Region 1
9.02314972246, -79.5315452109, 37, Region 1
9.02314972246, -79.5315452109, 37, Region 1
9.02314972246, -79.5315452109, 37, Region 1
9.02314972246, -79.5315452109, 37, Region 1
9.02314972246, -79.5315452109, 37, Region 1
9.02314972246, -79.5315452109, 37, Region 1
9.02314972246, -79.5315452109, 37, Region 1
9.02314972246, -79.5315452109, 37, Region 1
9.02314972246, -79.5315452109, 37, Region 1
9.02314972246, -79.5315452109, 37, Region 1
9.02314972246, -79.5315452109, 37, Region 1
9.02314972246, -79.5315452109, 37, Region 1
9.02314972246, -79.5315452109, 37, Region 1
9.02314972246, -79.5315452109, 37, Region 1
9.02314972246, -79.5315452109, 37, Region 1
9.02314972246, -79.5315452109, 37, Region 1
9.02314972246, -79.5315452109, 37, Region 1
9.02314972246, -79.5315452109, 37, Region 1
9.02314972246, -79.5315452109, 37, Region 1
9.02314972246, -79.5315452109, 37, Region 1
9.02314972246, -79.5315452109, 37, Region 1
9.02314972246, -79.5315452109, 37, Region 1
9.02314972246, -79.5315452109, 37, Region 1
9.02314972246, -79.5315452109, 37, Region 1
9.02314972246, -79.5315452109, 37, Region 1
9.02314972246, -79.5315452109, 37, Region 1
9.02314972246, -79.5315452109, 37, Region 1
9.02314972246, -79.5315452109, 37, Region 1
9.02314972246, -79.5315452109, 37, Region 1
9.02314972246, -79.5315452109, 37, Region 1
9.02314972246, -79.5315452109, 37, Region 1
9.02314972246, -79.5315452109, 37, Region 1
9.02314972246, -79.5315452109, 37, Region 1
9.02314972246, -79.5315452109, 37, Region 1
9.02314972246, -79.5315452109, 37, Region 1
9.02314972246, -79.5315452109, 37, Region 1
9.02314972246, -79.5315452109, 37, Region 1
9.02314972246, -79.5315452109, 37, Region 1
9.02314972246, -79.5315452109, 37, Region 1
9.02314972246, -79.5315452109, 37, Region 1
9.02314972246, -79.5315452109, 37, Region 1
9.02314972246, -79.5315452109, 37, Region 1
9.02314915913, -79.5315457291, 37, Region 1
9.02314915913, -79.5315457291, 37, Region 1
9.02314915913, -79.5315457291, 37, Region 1
9.02314915913, -79.5315457291, 37, Region 1
9.02314915913, -79.5315457291, 37, Region 1
9.02314915913, -79.5315457291, 37, Region 1
9.02314915913, -79.5315457291, 37, Region 1
9.02314915913, -79.5315457291, 37, Region 1
9.02314915913, -79.5315457291, 37, Region 1
9.02314915913, -79.5315457291, 37, Region 1
9.02314873634, -79.5315461181, 37, Region 1
9.02314873634, -79.5315461181, 37, Region 1
9.02314873634, -79.5315461181, 37, Region 1
9.02314873634, -79.5315461181, 37, Region 1
9.02314873634, -79.5315461181, 37, Region 1
9.02314873634, -79.5315461181, 37, Region 1
9.02314873634, -79.5315461181, 37, Region 1
9.02314873634, -79.5315461181, 37, Region 1
9.02314873634, -79.5315461181, 37, Region 1
9.02314873634, -79.5315461181, 37, Region 1
9.02314838281, -79.5315464433, 37, Region 1
9.02314838281, -79.5315464433, 37, Region 1
9.02314838281, -79.5315464433, 37, Region 1
9.02314838281, -79.5315464433, 37, Region 1
9.02314838281, -79.5315464433, 37, Region 1
9.02314838281, -79.5315464433, 37, Region 1
9.02314838281, -79.5315464433, 37, Region 1
9.02314838281, -79.5315464433, 37, Region 1
9.02314838281, -79.5315464433, 37, Region 1
9.02314838281, -79.5315464433, 37, Region 1
9.02314801433, -79.5315467823, 37, Region 1
9.02314801433, -79.5315467823, 37, Region 1
9.02314801433, -79.5315467823, 37, Region 1
9.02314801433, -79.5315467823, 37, Region 1
9.02314801433, -79.5315467823, 37, Region 1
9.02314801433, -79.5315467823, 37, Region 1
9.02314801433, -79.5315467823, 37, Region 1
9.02314801433, -79.5315467823, 37, Region 1
9.02314801433, -79.5315467823, 37, Region 1
9.02314801433, -79.5315467823, 37, Region 1
9.02314741837, -79.5315473305, 37, Region 1
9.02314741837, -79.5315473305, 37, Region 1
9.02314741837, -79.5315473305, 37, Region 1
9.02314741837, -79.5315473305, 37, Region 1
9.02314741837, -79.5315473305, 37, Region 1
9.02314741837, -79.5315473305, 37, Region 1
9.02314741837, -79.5315473305, 37, Region 1
9.02314741837, -79.5315473305, 37, Region 1
9.02314741837, -79.5315473305, 37, Region 1
9.02314741837, -79.5315473305, 37, Region 1
9.02314699928, -79.531547716, 37, Region 1
9.02314699928, -79.531547716, 37, Region 1
9.02314699928, -79.531547716, 37, Region 1
9.02314699928, -79.531547716, 37, Region 1
9.02314699928, -79.531547716, 37, Region 1
9.02314699928, -79.531547716, 37, Region 1
9.02314699928, -79.531547716, 37, Region 1
9.02314699928, -79.531547716, 37, Region 1
9.02314699928, -79.531547716, 37, Region 1
9.02314699928, -79.531547716, 37, Region 1
9.0231471585, -79.5315475696, 37, Region 1
9.0231471585, -79.5315475696, 37, Region 1
9.0231471585, -79.5315475696, 37, Region 1
9.0231471585, -79.5315475696, 37, Region 1
9.0231471585, -79.5315475696, 37, Region 1
9.0231471585, -79.5315475696, 37, Region 1
9.0231471585, -79.5315475696, 37, Region 1
9.0231471585, -79.5315475696, 37, Region 1
9.0231471585, -79.5315475696, 37, Region 1
9.0231471585, -79.5315475696, 37, Region 1
9.02314712232, -79.5315476028, 37, Region 1
9.02314712232, -79.5315476028, 37, Region 1
9.02314712232, -79.5315476028, 37, Region 1
9.02314712232, -79.5315476028, 37, Region 1
9.02314712232, -79.5315476028, 37, Region 1
9.02314712232, -79.5315476028, 37, Region 1
9.02314712232, -79.5315476028, 37, Region 1
9.02314712232, -79.5315476028, 37, Region 1
9.02314712232, -79.5315476028, 37, Region 1
9.02314712232, -79.5315476028, 37, Region 1
9.0231459093, -79.5315487187, 37, Region 1
9.0231459093, -79.5315487187, 37, Region 1
9.0231459093, -79.5315487187, 37, Region 1
9.0231459093, -79.5315487187, 37, Region 1
9.0231459093, -79.5315487187, 37, Region 1
9.0231459093, -79.5315487187, 37, Region 1
9.0231459093, -79.5315487187, 37, Region 1
9.0231459093, -79.5315487187, 37, Region 1
9.0231459093, -79.5315487187, 37, Region 1
9.0231459093, -79.5315487187, 37, Region 1
9.02314448643, -79.5315500276, 37, Region 1
9.02314448643, -79.5315500276, 37, Region 1
9.02314448643, -79.5315500276, 37, Region 1
9.02314448643, -79.5315500276, 37, Region 1
9.02314448643, -79.5315500276, 37, Region 1
9.02314448643, -79.5315500276, 37, Region 1
9.02314448643, -79.5315500276, 37, Region 1
9.02314448643, -79.5315500276, 37, Region 1
9.02314448643, -79.5315500276, 37, Region 1
9.02314361586, -79.5315508285, 37, Region 1
9.0231436306, -79.5315508149, 37, Region 1
9.0231436306, -79.5315508149, 37, Region 1
9.0231436306, -79.5315508149, 37, Region 1
9.0231436306, -79.5315508149, 37, Region 1
9.0231436306, -79.5315508149, 37, Region 1
9.0231436306, -79.5315508149, 37, Region 1
9.0231436306, -79.5315508149, 37, Region 1
9.0231436306, -79.5315508149, 37, Region 1
9.0231436306, -79.5315508149, 37, Region 1
9.0231436306, -79.5315508149, 37, Region 1
9.02314486939, -79.5315496753, 37, Region 1
9.02314486939, -79.5315496753, 37, Region 1
9.02314486939, -79.5315496753, 37, Region 1
9.02314486939, -79.5315496753, 37, Region 1
9.02314486939, -79.5315496753, 37, Region 1
9.02314486939, -79.5315496753, 37, Region 1
9.02314486939, -79.5315496753, 37, Region 1
9.02314486939, -79.5315496753, 37, Region 1
9.02314486939, -79.5315496753, 37, Region 1
9.02314486939, -79.5315496753, 37, Region 1
9.02314397372, -79.5315504993, 37, Region 1
9.02314397372, -79.5315504993, 37, Region 1
9.02314397372, -79.5315504993, 37, Region 1
9.02314397372, -79.5315504993, 37, Region 1
9.02314397372, -79.5315504993, 37, Region 1
9.02314397372, -79.5315504993, 37, Region 1
9.02314397372, -79.5315504993, 37, Region 1
9.02314397372, -79.5315504993, 37, Region 1
9.02314397372, -79.5315504993, 37, Region 1
9.02314397372, -79.5315504993, 37, Region 1
9.02314410701, -79.5315503767, 37, Region 1
9.02314410701, -79.5315503767, 37, Region 1
9.02314410701, -79.5315503767, 37, Region 1
9.02314410701, -79.5315503767, 37, Region 1
9.02314410701, -79.5315503767, 37, Region 1
9.02314410701, -79.5315503767, 37, Region 1
9.02314410701, -79.5315503767, 37, Region 1
9.02314410701, -79.5315503767, 37, Region 1
9.02314410701, -79.5315503767, 37, Region 1
9.02314410701, -79.5315503767, 37, Region 1
9.02314283612, -79.5315515458, 36, Region 1
9.02314283612, -79.5315515458, 36, Region 1
9.02314283612, -79.5315515458, 36, Region 1
9.02314283612, -79.5315515458, 36, Region 1
9.02314283612, -79.5315515458, 36, Region 1
9.02314283612, -79.5315515458, 36, Region 1
9.02314283612, -79.5315515458, 36, Region 1
9.02314283612, -79.5315515458, 36, Region 1
9.02314283612, -79.5315515458, 36, Region 1
9.02314283612, -79.5315515458, 36, Region 1
9.02314264535, -79.5315517213, 36, Region 1
9.02314264535, -79.5315517213, 36, Region 1
9.02314264535, -79.5315517213, 36, Region 1
9.02314264535, -79.5315517213, 36, Region 1
9.02314264535, -79.5315517213, 36, Region 1
9.02314264535, -79.5315517213, 36, Region 1
9.02314264535, -79.5315517213, 36, Region 1
9.02314264535, -79.5315517213, 36, Region 1
9.02314264535, -79.5315517213, 36, Region 1
9.02314264535, -79.5315517213, 36, Region 1
9.02314270638, -79.5315516651, 36, Region 1
9.02314270638, -79.5315516651, 36, Region 1
9.02314270638, -79.5315516651, 36, Region 1
9.02314270638, -79.5315516651, 36, Region 1
9.02314270638, -79.5315516651, 36, Region 1
9.02314270638, -79.5315516651, 36, Region 1
9.02314270638, -79.5315516651, 36, Region 1
9.02314270638, -79.5315516651, 36, Region 1
9.02314270638, -79.5315516651, 36, Region 1
9.02314122619, -79.5315530268, 36, Region 1
9.02314122619, -79.5315530268, 36, Region 1
9.02314122619, -79.5315530268, 36, Region 1
9.02314122619, -79.5315530268, 36, Region 1
9.02314122619, -79.5315530268, 36, Region 1
9.02314122619, -79.5315530268, 36, Region 1
9.02314122619, -79.5315530268, 36, Region 1
9.02314122619, -79.5315530268, 36, Region 1
9.02314122619, -79.5315530268, 36, Region 1
9.02314122619, -79.5315530268, 36, Region 1
9.02314122619, -79.5315530268, 36, Region 1
9.02314056467, -79.5315536353, 36, Region 1
9.02314056467, -79.5315536353, 36, Region 1
9.02314056467, -79.5315536353, 36, Region 1
9.02314056467, -79.5315536353, 36, Region 1
9.02314056467, -79.5315536353, 36, Region 1
9.02314056467, -79.5315536353, 36, Region 1
9.02314056467, -79.5315536353, 36, Region 1
9.02314056467, -79.5315536353, 36, Region 1
9.02314056467, -79.5315536353, 36, Region 1
9.0231396695, -79.5315544588, 36, Region 1
9.0231396695, -79.5315544588, 36, Region 1
9.0231396695, -79.5315544588, 36, Region 1
9.0231396695, -79.5315544588, 36, Region 1
9.0231396695, -79.5315544588, 36, Region 1
9.0231396695, -79.5315544588, 36, Region 1
9.0231396695, -79.5315544588, 36, Region 1
9.0231396695, -79.5315544588, 36, Region 1
9.0231396695, -79.5315544588, 36, Region 1
9.0231396695, -79.5315544588, 36, Region 1
9.02313833174, -79.5315556894, 36, Region 1
9.02313832264, -79.5315556978, 36, Region 1
9.02313832264, -79.5315556978, 36, Region 1
9.02313832264, -79.5315556978, 36, Region 1
9.02313832264, -79.5315556978, 36, Region 1
9.02313832264, -79.5315556978, 36, Region 1
9.02313832264, -79.5315556978, 36, Region 1
9.02313832264, -79.5315556978, 36, Region 1
9.02313832264, -79.5315556978, 36, Region 1
9.02313832264, -79.5315556978, 36, Region 1
9.02313776033, -79.5315562151, 36, Region 1
9.02313778454, -79.5315561928, 36, Region 1
9.02313778454, -79.5315561928, 36, Region 1
9.02313778454, -79.5315561928, 36, Region 1
9.02313778454, -79.5315561928, 36, Region 1
9.02313778454, -79.5315561928, 36, Region 1
9.02313778454, -79.5315561928, 36, Region 1
9.02313778454, -79.5315561928, 36, Region 1
9.02313778454, -79.5315561928, 36, Region 1
9.02313778454, -79.5315561928, 36, Region 1
9.02313778454, -79.5315561928, 36, Region 1
9.02313852508, -79.5315555116, 36, Region 1
9.02313852508, -79.5315555116, 36, Region 1
9.02313852508, -79.5315555116, 36, Region 1
9.02313852508, -79.5315555116, 36, Region 1
9.02313852508, -79.5315555116, 36, Region 1
9.02313852508, -79.5315555116, 36, Region 1
9.02313852508, -79.5315555116, 36, Region 1
9.02313852508, -79.5315555116, 36, Region 1
9.02313852508, -79.5315555116, 36, Region 1
9.02313852508, -79.5315555116, 36, Region 1
9.02313819994, -79.5315558107, 36, Region 1
9.02313819994, -79.5315558107, 36, Region 1
9.02313819994, -79.5315558107, 36, Region 1
9.02313819994, -79.5315558107, 36, Region 1
9.02313819994, -79.5315558107, 36, Region 1
9.02313819994, -79.5315558107, 36, Region 1
9.02313819994, -79.5315558107, 36, Region 1
9.02313819994, -79.5315558107, 36, Region 1
9.02313819994, -79.5315558107, 36, Region 1
9.02313741641, -79.5315565315, 36, Region 1
9.02313741641, -79.5315565315, 36, Region 1
9.02313741641, -79.5315565315, 36, Region 1
9.02313741641, -79.5315565315, 36, Region 1
9.02313741641, -79.5315565315, 36, Region 1
9.02313741641, -79.5315565315, 36, Region 1
9.02313741641, -79.5315565315, 36, Region 1
9.02313741641, -79.5315565315, 36, Region 1
9.02313741641, -79.5315565315, 36, Region 1
9.02313741641, -79.5315565315, 36, Region 1
9.0231373228, -79.5315566176, 36, Region 1
9.0231373228, -79.5315566176, 36, Region 1
9.0231373228, -79.5315566176, 36, Region 1
9.0231373228, -79.5315566176, 36, Region 1
9.0231373228, -79.5315566176, 36, Region 1
9.0231373228, -79.5315566176, 36, Region 1
9.0231373228, -79.5315566176, 36, Region 1
9.0231373228, -79.5315566176, 36, Region 1
9.0231373228, -79.5315566176, 36, Region 1
9.0231373228, -79.5315566176, 36, Region 1
9.0231373228, -79.5315566176, 36, Region 1
9.02313666902, -79.531557219, 35, Region 1
9.02313666902, -79.531557219, 35, Region 1
9.02313666902, -79.531557219, 35, Region 1
9.02313666902, -79.531557219, 35, Region 1
9.02313666902, -79.531557219, 35, Region 1
9.02313666902, -79.531557219, 35, Region 1
9.02313666902, -79.531557219, 35, Region 1
9.02313666902, -79.531557219, 35, Region 1
9.02313666902, -79.531557219, 35, Region 1
9.02313666902, -79.531557219, 35, Region 1
9.02313606635, -79.5315577734, 35, Region 1
9.02313606635, -79.5315577734, 35, Region 1
9.02313606635, -79.5315577734, 35, Region 1
9.02313606635, -79.5315577734, 35, Region 1
9.02313606635, -79.5315577734, 35, Region 1
9.02313606635, -79.5315577734, 35, Region 1
9.02313606635, -79.5315577734, 35, Region 1
9.02313606635, -79.5315577734, 35, Region 1
9.02313606635, -79.5315577734, 35, Region 1
9.02313507353, -79.5315586867, 35, Region 1
9.02313507353, -79.5315586867, 35, Region 1
9.02313507353, -79.5315586867, 35, Region 1
9.02313507353, -79.5315586867, 35, Region 1
9.02313507353, -79.5315586867, 35, Region 1
9.02313507353, -79.5315586867, 35, Region 1
9.02313507353, -79.5315586867, 35, Region 1
9.02313507353, -79.5315586867, 35, Region 1
9.02313507353, -79.5315586867, 35, Region 1
9.02313507353, -79.5315586867, 35, Region 1
9.02313396975, -79.5315597021, 35, Region 1
9.02313400419, -79.5315596704, 35, Region 1
9.02313400419, -79.5315596704, 35, Region 1
9.02313400419, -79.5315596704, 35, Region 1
9.02313400419, -79.5315596704, 35, Region 1
9.02313400419, -79.5315596704, 35, Region 1
9.02313400419, -79.5315596704, 35, Region 1
9.02313400419, -79.5315596704, 35, Region 1
9.02313400419, -79.5315596704, 35, Region 1
9.02313400419, -79.5315596704, 35, Region 1
9.02313284429, -79.5315607374, 35, Region 1
9.02313276944, -79.5315608063, 35, Region 1
9.02313276944, -79.5315608063, 35, Region 1
9.02313276944, -79.5315608063, 35, Region 1
9.02313276944, -79.5315608063, 35, Region 1
9.02313276944, -79.5315608063, 35, Region 1
9.02313276944, -79.5315608063, 35, Region 1
9.02313276944, -79.5315608063, 35, Region 1
9.02313276944, -79.5315608063, 35, Region 1
9.02313276944, -79.5315608063, 35, Region 1
9.02313152307, -79.5315619528, 35, Region 1
9.02313156682, -79.5315619126, 35, Region 1
9.02313156682, -79.5315619126, 35, Region 1
9.02313156682, -79.5315619126, 35, Region 1
9.02313156682, -79.5315619126, 35, Region 1
9.02313156682, -79.5315619126, 35, Region 1
9.02313156682, -79.5315619126, 35, Region 1
9.02313156682, -79.5315619126, 35, Region 1
9.02313156682, -79.5315619126, 35, Region 1
9.02313156682, -79.5315619126, 35, Region 1
9.02312948701, -79.5315638259, 34, Region 1
9.02312948701, -79.5315638259, 34, Region 1
9.02312948701, -79.5315638259, 34, Region 1
9.02312948701, -79.5315638259, 34, Region 1
9.02312948701, -79.5315638259, 34, Region 1
9.02312948701, -79.5315638259, 34, Region 1
9.02312948701, -79.5315638259, 34, Region 1
9.02312948701, -79.5315638259, 34, Region 1
9.02312948701, -79.5315638259, 34, Region 1
9.02312948701, -79.5315638259, 34, Region 1
9.02312955269, -79.5315637654, 34, Region 1
9.02312953813, -79.5315637788, 34, Region 1
9.02312953813, -79.5315637788, 34, Region 1
9.02312953813, -79.5315637788, 34, Region 1
9.02312953813, -79.5315637788, 34, Region 1
9.02312953813, -79.5315637788, 34, Region 1
9.02312953813, -79.5315637788, 34, Region 1
9.02312953813, -79.5315637788, 34, Region 1
9.02312953813, -79.5315637788, 34, Region 1
9.02312953813, -79.5315637788, 34, Region 1
9.02312862629, -79.5315646176, 34, Region 1
9.02312871423, -79.5315645368, 34, Region 1
9.02312871423, -79.5315645368, 34, Region 1
9.02312871423, -79.5315645368, 34, Region 1
9.02312871423, -79.5315645368, 34, Region 1
9.02312871423, -79.5315645368, 34, Region 1
9.02312871423, -79.5315645368, 34, Region 1
9.02312871423, -79.5315645368, 34, Region 1
9.02312871423, -79.5315645368, 34, Region 1
9.02312871423, -79.5315645368, 34, Region 1
9.02312638213, -79.5315666821, 34, Region 1
9.02312638213, -79.5315666821, 34, Region 1
9.02312638213, -79.5315666821, 34, Region 1
9.02312638213, -79.5315666821, 34, Region 1
9.02312638213, -79.5315666821, 34, Region 1
9.02312638213, -79.5315666821, 34, Region 1
9.02312638213, -79.5315666821, 34, Region 1
9.02312638213, -79.5315666821, 34, Region 1
9.02312638213, -79.5315666821, 34, Region 1
9.02312638213, -79.5315666821, 34, Region 1
9.02312638213, -79.5315666821, 34, Region 1
9.02312412142, -79.5315687618, 34, Region 1
9.02312412142, -79.5315687618, 34, Region 1
9.02312412142, -79.5315687618, 34, Region 1
9.02312412142, -79.5315687618, 34, Region 1
9.02312412142, -79.5315687618, 34, Region 1
9.02312412142, -79.5315687618, 34, Region 1
9.02312412142, -79.5315687618, 34, Region 1
9.02312412142, -79.5315687618, 34, Region 1
9.02312412142, -79.5315687618, 34, Region 1
9.02312184653, -79.5315708545, 33, Region 1
9.02312190832, -79.5315707976, 33, Region 1
9.02312190832, -79.5315707976, 33, Region 1
9.02312190832, -79.5315707976, 33, Region 1
9.02312190832, -79.5315707976, 33, Region 1
9.02312190832, -79.5315707976, 33, Region 1
9.02312190832, -79.5315707976, 33, Region 1
9.02312190832, -79.5315707976, 33, Region 1
9.02312190832, -79.5315707976, 33, Region 1
9.02312190832, -79.5315707976, 33, Region 1
9.02312076402, -79.5315718503, 33, Region 1
9.02312076402, -79.5315718503, 33, Region 1
9.02312076402, -79.5315718503, 33, Region 1
9.02312076402, -79.5315718503, 33, Region 1
9.02312076402, -79.5315718503, 33, Region 1
9.02312076402, -79.5315718503, 33, Region 1
9.02312076402, -79.5315718503, 33, Region 1
9.02312076402, -79.5315718503, 33, Region 1
9.02312076402, -79.5315718503, 33, Region 1
9.02312076402, -79.5315718503, 33, Region 1
9.02312017126, -79.5315723956, 33, Region 1
9.02312017126, -79.5315723956, 33, Region 1
9.02312017126, -79.5315723956, 33, Region 1
9.02312017126, -79.5315723956, 33, Region 1
9.02312017126, -79.5315723956, 33, Region 1
9.02312017126, -79.5315723956, 33, Region 1
9.02312017126, -79.5315723956, 33, Region 1
9.02312017126, -79.5315723956, 33, Region 1
9.02312017126, -79.5315723956, 33, Region 1
9.02312017126, -79.5315723956, 33, Region 1
9.02311935407, -79.5315731473, 33, Region 1
9.02311936655, -79.5315731358, 33, Region 1
9.02311936655, -79.5315731358, 33, Region 1
9.02311936655, -79.5315731358, 33, Region 1
9.02311936655, -79.5315731358, 33, Region 1
9.02311936655, -79.5315731358, 33, Region 1
9.02311936655, -79.5315731358, 33, Region 1
9.02311936655, -79.5315731358, 33, Region 1
9.02311936655, -79.5315731358, 33, Region 1
9.02311936655, -79.5315731358, 33, Region 1
9.02311806872, -79.5315743297, 33, Region 1
9.02311808792, -79.5315743121, 33, Region 1
9.02311808792, -79.5315743121, 33, Region 1
9.02311808792, -79.5315743121, 33, Region 1
9.02311808792, -79.5315743121, 33, Region 1
9.02311808792, -79.5315743121, 33, Region 1
9.02311808792, -79.5315743121, 33, Region 1
9.02311808792, -79.5315743121, 33, Region 1
9.02311808792, -79.5315743121, 33, Region 1
9.02311808792, -79.5315743121, 33, Region 1
9.02311596103, -79.5315762686, 32, Region 1
9.02311596103, -79.5315762686, 32, Region 1
9.02311596103, -79.5315762686, 32, Region 1
9.02311596103, -79.5315762686, 32, Region 1
9.02311596103, -79.5315762686, 32, Region 1
9.02311596103, -79.5315762686, 32, Region 1
9.02311596103, -79.5315762686, 32, Region 1
9.02311596103, -79.5315762686, 32, Region 1
9.02311596103, -79.5315762686, 32, Region 1
9.02311596103, -79.5315762686, 32, Region 1
9.02311475117, -79.5315773816, 32, Region 1
9.02311475117, -79.5315773816, 32, Region 1
9.02311475117, -79.5315773816, 32, Region 1
9.02311475117, -79.5315773816, 32, Region 1
9.02311475117, -79.5315773816, 32, Region 1
9.02311475117, -79.5315773816, 32, Region 1
9.02311475117, -79.5315773816, 32, Region 1
9.02311475117, -79.5315773816, 32, Region 1
9.02311475117, -79.5315773816, 32, Region 1
9.02311475117, -79.5315773816, 32, Region 1
9.02311338068, -79.5315786423, 32, Region 1
9.02311341205, -79.5315786135, 32, Region 1
9.02311341205, -79.5315786135, 32, Region 1
9.02311341205, -79.5315786135, 32, Region 1
9.02311341205, -79.5315786135, 32, Region 1
9.02311341205, -79.5315786135, 32, Region 1
9.02311341205, -79.5315786135, 32, Region 1
9.02311341205, -79.5315786135, 32, Region 1
9.02311341205, -79.5315786135, 32, Region 1
9.02311341205, -79.5315786135, 32, Region 1
9.02311291379, -79.5315790718, 32, Region 1
9.02311291379, -79.5315790718, 32, Region 1
9.02311291379, -79.5315790718, 32, Region 1
9.02311291379, -79.5315790718, 32, Region 1
9.02311291379, -79.5315790718, 32, Region 1
9.02311291379, -79.5315790718, 32, Region 1
9.02311291379, -79.5315790718, 32, Region 1
9.02311291379, -79.5315790718, 32, Region 1
9.02311291379, -79.5315790718, 32, Region 1
9.02311291379, -79.5315790718, 32, Region 1
9.02311231783, -79.5315796201, 32, Region 1
9.02311231783, -79.5315796201, 32, Region 1
9.02311231783, -79.5315796201, 32, Region 1
9.02311231783, -79.5315796201, 32, Region 1
9.02311231783, -79.5315796201, 32, Region 1
9.02311231783, -79.5315796201, 32, Region 1
9.02311231783, -79.5315796201, 32, Region 1
9.02311231783, -79.5315796201, 32, Region 1
9.02311231783, -79.5315796201, 32, Region 1
9.02311231783, -79.5315796201, 32, Region 1
9.02311134265, -79.5315805172, 32, Region 1
9.02311134265, -79.5315805172, 32, Region 1
9.02311134265, -79.5315805172, 32, Region 1
9.02311134265, -79.5315805172, 32, Region 1
9.02311134265, -79.5315805172, 32, Region 1
9.02311134265, -79.5315805172, 32, Region 1
9.02311134265, -79.5315805172, 32, Region 1
9.02311134265, -79.5315805172, 32, Region 1
9.02311134265, -79.5315805172, 32, Region 1
9.02311134265, -79.5315805172, 32, Region 1
9.02310936016, -79.5315823409, 31, Region 1
9.02310936016, -79.5315823409, 31, Region 1
9.02310936016, -79.5315823409, 31, Region 1
9.02310936016, -79.5315823409, 31, Region 1
9.02310936016, -79.5315823409, 31, Region 1
9.02310936016, -79.5315823409, 31, Region 1
9.02310936016, -79.5315823409, 31, Region 1
9.02310936016, -79.5315823409, 31, Region 1
9.02310936016, -79.5315823409, 31, Region 1
9.02310936016, -79.5315823409, 31, Region 1
9.02310850062, -79.5315831316, 31, Region 1
9.02310850062, -79.5315831316, 31, Region 1
9.02310850062, -79.5315831316, 31, Region 1
9.02310850062, -79.5315831316, 31, Region 1
9.02310850062, -79.5315831316, 31, Region 1
9.02310850062, -79.5315831316, 31, Region 1
9.02310850062, -79.5315831316, 31, Region 1
9.02310850062, -79.5315831316, 31, Region 1
9.02310850062, -79.5315831316, 31, Region 1
9.02310850062, -79.5315831316, 31, Region 1
9.02310726641, -79.531584267, 31, Region 1
9.02310726641, -79.531584267, 31, Region 1
9.02310726641, -79.531584267, 31, Region 1
9.02310726641, -79.531584267, 31, Region 1
9.02310726641, -79.531584267, 31, Region 1
9.02310726641, -79.531584267, 31, Region 1
9.02310726641, -79.531584267, 31, Region 1
9.02310726641, -79.531584267, 31, Region 1
9.02310726641, -79.531584267, 31, Region 1
9.02310726641, -79.531584267, 31, Region 1
9.02310617539, -79.5315852706, 31, Region 1
9.02310617539, -79.5315852706, 31, Region 1
9.02310617539, -79.5315852706, 31, Region 1
9.02310617539, -79.5315852706, 31, Region 1
9.02310617539, -79.5315852706, 31, Region 1
9.02310617539, -79.5315852706, 31, Region 1
9.02310617539, -79.5315852706, 31, Region 1
9.02310617539, -79.5315852706, 31, Region 1
9.02310617539, -79.5315852706, 31, Region 1
9.02310617539, -79.5315852706, 31, Region 1
9.02310516808, -79.5315861972, 31, Region 1
9.02310516808, -79.5315861972, 31, Region 1
9.02310516808, -79.5315861972, 31, Region 1
9.02310516808, -79.5315861972, 31, Region 1
9.02310516808, -79.5315861972, 31, Region 1
9.02310516808, -79.5315861972, 31, Region 1
9.02310516808, -79.5315861972, 31, Region 1
9.02310516808, -79.5315861972, 31, Region 1
9.02310516808, -79.5315861972, 31, Region 1
9.02310516808, -79.5315861972, 31, Region 1
9.0231040776, -79.5315872004, 31, Region 1
9.0231040776, -79.5315872004, 31, Region 1
9.0231040776, -79.5315872004, 31, Region 1
9.0231040776, -79.5315872004, 31, Region 1
9.0231040776, -79.5315872004, 31, Region 1
9.0231040776, -79.5315872004, 31, Region 1
9.0231040776, -79.5315872004, 31, Region 1
9.0231040776, -79.5315872004, 31, Region 1
9.0231040776, -79.5315872004, 31, Region 1
9.0231040776, -79.5315872004, 31, Region 1
9.02310320411, -79.5315880039, 30, Region 1
9.02310320411, -79.5315880039, 30, Region 1
9.02310320411, -79.5315880039, 30, Region 1
9.02310320411, -79.5315880039, 30, Region 1
9.02310320411, -79.5315880039, 30, Region 1
9.02310320411, -79.5315880039, 30, Region 1
9.02310320411, -79.5315880039, 30, Region 1
9.02310320411, -79.5315880039, 30, Region 1
9.02310320411, -79.5315880039, 30, Region 1
9.02310320411, -79.5315880039, 30, Region 1
9.02310171248, -79.5315893761, 30, Region 1
9.02310171248, -79.5315893761, 30, Region 1
9.02310171248, -79.5315893761, 30, Region 1
9.02310171248, -79.5315893761, 30, Region 1
9.02310171248, -79.5315893761, 30, Region 1
9.02310171248, -79.5315893761, 30, Region 1
9.02310171248, -79.5315893761, 30, Region 1
9.02310171248, -79.5315893761, 30, Region 1
9.02310171248, -79.5315893761, 30, Region 1
9.02310171248, -79.5315893761, 30, Region 1
9.02309962864, -79.5315912931, 30, Region 1
9.02309962864, -79.5315912931, 30, Region 1
9.02309962864, -79.5315912931, 30, Region 1
9.02309962864, -79.5315912931, 30, Region 1
9.02309962864, -79.5315912931, 30, Region 1
9.02309962864, -79.5315912931, 30, Region 1
9.02309962864, -79.5315912931, 30, Region 1
9.02309962864, -79.5315912931, 30, Region 1
9.02309962864, -79.5315912931, 30, Region 1
9.02309962864, -79.5315912931, 30, Region 1
9.02309794994, -79.5315928373, 30, Region 1
9.02309794994, -79.5315928373, 30, Region 1
9.02309794994, -79.5315928373, 30, Region 1
9.02309794994, -79.5315928373, 30, Region 1
9.02309794994, -79.5315928373, 30, Region 1
9.02309794994, -79.5315928373, 30, Region 1
9.02309794994, -79.5315928373, 30, Region 1
9.02309794994, -79.5315928373, 30, Region 1
9.02309794994, -79.5315928373, 30, Region 1
9.02309794994, -79.5315928373, 30, Region 1
9.02309639363, -79.531594269, 29, Region 1
9.02309639363, -79.531594269, 29, Region 1
9.02309639363, -79.531594269, 29, Region 1
9.02309639363, -79.531594269, 29, Region 1
9.02309639363, -79.531594269, 29, Region 1
9.02309639363, -79.531594269, 29, Region 1
9.02309639363, -79.531594269, 29, Region 1
9.02309639363, -79.531594269, 29, Region 1
9.02309639363, -79.531594269, 29, Region 1
9.02309639363, -79.531594269, 29, Region 1
9.02309569331, -79.5315949132, 29, Region 1
9.02309569331, -79.5315949132, 29, Region 1
9.02309569331, -79.5315949132, 29, Region 1
9.02309569331, -79.5315949132, 29, Region 1
9.02309569331, -79.5315949132, 29, Region 1
9.02309569331, -79.5315949132, 29, Region 1
9.02309569331, -79.5315949132, 29, Region 1
9.02309569331, -79.5315949132, 29, Region 1
9.02309569331, -79.5315949132, 29, Region 1
9.02309569331, -79.5315949132, 29, Region 1
9.02309537541, -79.5315952057, 29, Region 1
9.02309537541, -79.5315952057, 29, Region 1
9.02309537541, -79.5315952057, 29, Region 1
9.02309537541, -79.5315952057, 29, Region 1
9.02309537541, -79.5315952057, 29, Region 1
9.02309537541, -79.5315952057, 29, Region 1
9.02309537541, -79.5315952057, 29, Region 1
9.02309537541, -79.5315952057, 29, Region 1
9.02309537541, -79.5315952057, 29, Region 1
9.02309537541, -79.5315952057, 29, Region 1
9.02309466061, -79.5315958632, 29, Region 1
9.02309466061, -79.5315958632, 29, Region 1
9.02309466061, -79.5315958632, 29, Region 1
9.02309466061, -79.5315958632, 29, Region 1
9.02309466061, -79.5315958632, 29, Region 1
9.02309466061, -79.5315958632, 29, Region 1
9.02309466061, -79.5315958632, 29, Region 1
9.02309466061, -79.5315958632, 29, Region 1
9.02309466061, -79.5315958632, 29, Region 1
9.02309466061, -79.5315958632, 29, Region 1
9.02309313693, -79.5315972649, 29, Region 1
9.02309313693, -79.5315972649, 29, Region 1
9.02309313693, -79.5315972649, 29, Region 1
9.02309313693, -79.5315972649, 29, Region 1
9.02309313693, -79.5315972649, 29, Region 1
9.02309313693, -79.5315972649, 29, Region 1
9.02309313693, -79.5315972649, 29, Region 1
9.02309313693, -79.5315972649, 29, Region 1
9.02309313693, -79.5315972649, 29, Region 1
9.02309313693, -79.5315972649, 29, Region 1
9.02309090935, -79.5315993141, 29, Region 1
9.02309090935, -79.5315993141, 29, Region 1
9.02309090935, -79.5315993141, 29, Region 1
9.02309090935, -79.5315993141, 29, Region 1
9.02309090935, -79.5315993141, 29, Region 1
9.02309090935, -79.5315993141, 29, Region 1
9.02309090935, -79.5315993141, 29, Region 1
9.02309090935, -79.5315993141, 29, Region 1
9.02309090935, -79.5315993141, 29, Region 1
9.02309090935, -79.5315993141, 29, Region 1
9.02308937118, -79.5316007291, 28, Region 1
9.02308937118, -79.5316007291, 28, Region 1
9.02308937118, -79.5316007291, 28, Region 1
9.02308937118, -79.5316007291, 28, Region 1
9.02308937118, -79.5316007291, 28, Region 1
9.02308937118, -79.5316007291, 28, Region 1
9.02308937118, -79.5316007291, 28, Region 1
9.02308937118, -79.5316007291, 28, Region 1
9.02308937118, -79.5316007291, 28, Region 1
9.02308937118, -79.5316007291, 28, Region 1
9.02308822638, -79.5316017822, 28, Region 1
9.02308822638, -79.5316017822, 28, Region 1
9.02308822638, -79.5316017822, 28, Region 1
9.02308822638, -79.5316017822, 28, Region 1
9.02308822638, -79.5316017822, 28, Region 1
9.02308822638, -79.5316017822, 28, Region 1
9.02308822638, -79.5316017822, 28, Region 1
9.02308822638, -79.5316017822, 28, Region 1
9.02308822638, -79.5316017822, 28, Region 1
9.02308822638, -79.5316017822, 28, Region 1
9.02308708878, -79.5316028287, 28, Region 1
9.02308708878, -79.5316028287, 28, Region 1
9.02308708878, -79.5316028287, 28, Region 1
9.02308708878, -79.5316028287, 28, Region 1
9.02308708878, -79.5316028287, 28, Region 1
9.02308708878, -79.5316028287, 28, Region 1
9.02308708878, -79.5316028287, 28, Region 1
9.02308708878, -79.5316028287, 28, Region 1
9.02308708878, -79.5316028287, 28, Region 1
9.02308708878, -79.5316028287, 28, Region 1
9.02308570209, -79.5316041043, 28, Region 1
9.02308570209, -79.5316041043, 28, Region 1
9.02308570209, -79.5316041043, 28, Region 1
9.02308570209, -79.5316041043, 28, Region 1
9.02308570209, -79.5316041043, 28, Region 1
9.02308570209, -79.5316041043, 28, Region 1
9.02308570209, -79.5316041043, 28, Region 1
9.02308570209, -79.5316041043, 28, Region 1
9.02308570209, -79.5316041043, 28, Region 1
9.02308570209, -79.5316041043, 28, Region 1
9.02308375258, -79.5316058977, 28, Region 1
9.02308375258, -79.5316058977, 28, Region 1
9.02308375258, -79.5316058977, 28, Region 1
9.02308375258, -79.5316058977, 28, Region 1
9.02308375258, -79.5316058977, 28, Region 1
9.02308375258, -79.5316058977, 28, Region 1
9.02308375258, -79.5316058977, 28, Region 1
9.02308375258, -79.5316058977, 28, Region 1
9.02308375258, -79.5316058977, 28, Region 1
9.02308375258, -79.5316058977, 28, Region 1
9.02308199737, -79.5316075124, 27, Region 1
9.02308199737, -79.5316075124, 27, Region 1
9.02308199737, -79.5316075124, 27, Region 1
9.02308199737, -79.5316075124, 27, Region 1
9.02308199737, -79.5316075124, 27, Region 1
9.02308199737, -79.5316075124, 27, Region 1
9.02308199737, -79.5316075124, 27, Region 1
9.02308199737, -79.5316075124, 27, Region 1
9.02308199737, -79.5316075124, 27, Region 1
9.02308199737, -79.5316075124, 27, Region 1
