4, 28, 27, 3
2, 29, 26, 2
2, 29, 26, 2
2, 29, 26, 2
2, 29, 26, 2
2, 29, 26, 2
2, 29, 26, 2
2, 29, 26, 2
2, 29, 26, 2
2, 29, 26, 2
2, 29, 26, 2
2, 29, 26, 2
2, 29, 26, 2
2, 29, 26, 2
2, 29, 26, 2
2, 29, 26, 2
2, 29, 26, 2
2, 29, 26, 2
2, 29, 26, 2
2, 29, 26, 2
2, 29, 26, 2
2, 29, 26, 2
2, 29, 26, 2
2, 29, 26, 2
2, 29, 26, 2
2, 29, 26, 2
2, 29, 26, 2
2, 29, 26, 2
2, 29, 26, 2
2, 29, 26, 2
2, 29, 26, 2
2, 29, 26, 2
2, 29, 26, 2
2, 29, 26, 2
2, 29, 26, 2
2, 29, 26, 2
2, 29, 26, 2
2, 29, 26, 2
2, 29, 26, 2
2, 29, 26, 2
2, 29, 26, 2
2, 29, 26, 2
2, 29, 26, 2
2, 29, 26, 2
2, 29, 26, 2
2, 29, 26, 2
2, 29, 26, 2
2, 29, 26, 2
2, 29, 26, 2
2, 29, 26, 2
2, 29, 26, 2
2, 29, 26, 2
2, 29, 26, 2
2, 29, 26, 2
2, 29, 26, 2
2, 29, 26, 2
2, 29, 26, 2
2, 29, 26, 2
2, 29, 26, 2
2, 29, 26, 2
2, 29, 26, 2
2, 29, 26, 2
2, 29, 26, 2
2, 29, 26, 2
2, 29, 26, 2
2, 29, 26, 2
2, 29, 26, 2
2, 29, 26, 2
2, 29, 26, 2
2, 29, 26, 2
2, 29, 26, 2
2, 29, 26, 2
2, 29, 26, 2
2, 29, 26, 2
2, 29, 26, 2
2, 29, 26, 2
2, 29, 26, 2
2, 29, 26, 2
2, 29, 26, 2
2, 29, 26, 2
2, 29, 26, 2
2, 29, 26, 2
2, 29, 26, 2
2, 29, 26, 2
2, 29, 26, 2
2, 29, 26, 2
2, 29, 26, 2
2, 29, 26, 2
2, 29, 26, 2
2, 29, 26, 2
2, 29, 26, 2
2, 29, 26, 2
2, 29, 26, 2
2, 29, 26, 2
2, 29, 26, 2
2, 29, 26, 2
2, 29, 26, 2
2, 29, 26, 2
2, 29, 26, 2
2, 29, 26, 2
2, 29, 26, 2
2, 29, 26, 2
2, 29, 26, 2
2, 29, 26, 2
2, 29, 26, 2
2, 29, 26, 2
2, 29, 26, 2
2, 29, 26, 2
2, 29, 26, 2
2, 29, 26, 2
2, 29, 26, 2
2, 29, 26, 2
2, 29, 26, 2
2, 29, 26, 2
2, 29, 26, 2
2, 29, 26, 2
2, 29, 26, 2
2, 29, 26, 2
2, 29, 26, 2
2, 29, 26, 2
2, 29, 26, 2
2, 29, 26, 2
2, 29, 26, 2
2, 29, 26, 2
2, 29, 26, 2
2, 29, 26, 2
2, 29, 26, 2
2, 29, 26, 2
2, 29, 26, 2
2, 29, 26, 2
2, 29, 26, 2
2, 29, 26, 2
2, 29, 26, 2
2, 29, 26, 2
2, 29, 26, 2
2, 29, 26, 2
2, 28, 26, 3
2, 28, 26, 3
2, 28, 26, 3
2, 28, 26, 3
2, 28, 26, 3
2, 28, 26, 3
2, 28, 26, 3
2, 28, 26, 3
2, 28, 26, 3
2, 28, 26, 3
2, 28, 26, 3
2, 28, 26, 3
2, 28, 26, 3
2, 28, 26, 3
2, 28, 26, 3
2, 28, 26, 3
2, 28, 26, 3
2, 28, 26, 3
2, 28, 26, 3
2, 28, 26, 3
2, 28, 26, 3
2, 28, 26, 3
2, 28, 26, 3
2, 28, 26, 3
2, 28, 26, 3
2, 28, 26, 3
2, 28, 26, 3
2, 28, 26, 3
2, 28, 26, 3
2, 28, 26, 3
2, 28, 26, 3
2, 28, 26, 3
2, 28, 26, 3
2, 28, 26, 3
2, 28, 26, 3
2, 28, 26, 3
2, 28, 26, 3
2, 28, 26, 3
2, 28, 26, 3
2, 28, 26, 3
2, 28, 26, 3
2, 28, 26, 3
2, 28, 26, 3
2, 28, 26, 3
2, 28, 26, 3
2, 28, 26, 3
2, 28, 26, 3
2, 28, 26, 3
2, 28, 26, 3
2, 28, 26, 3
2, 28, 26, 3
2, 28, 26, 3
2, 28, 26, 3
2, 28, 26, 3
2, 28, 26, 3
2, 28, 26, 3
2, 28, 26, 3
2, 28, 26, 3
2, 28, 26, 3
2, 28, 26, 3
2, 27, 26, 3
2, 27, 26, 3
2, 27, 26, 3
2, 27, 26, 3
2, 27, 26, 3
2, 27, 26, 3
2, 27, 26, 3
2, 27, 26, 3
2, 27, 26, 3
2, 27, 26, 3
2, 27, 26, 4
2, 27, 26, 4
2, 27, 26, 4
2, 27, 26, 4
2, 27, 26, 4
2, 27, 26, 4
2, 27, 26, 4
2, 27, 26, 4
2, 27, 26, 4
2, 27, 26, 4
2, 27, 26, 4
2, 27, 26, 4
2, 27, 26, 4
2, 27, 26, 4
2, 27, 26, 4
2, 27, 26, 4
2, 27, 26, 4
2, 27, 26, 4
2, 27, 26, 4
2, 27, 26, 4
2, 27, 26, 4
2, 27, 26, 4
2, 27, 26, 4
2, 27, 26, 4
2, 27, 26, 4
2, 27, 26, 4
2, 27, 26, 4
2, 27, 26, 4
2, 27, 26, 4
2, 27, 26, 4
2, 27, 26, 4
2, 27, 26, 4
2, 27, 26, 4
2, 27, 26, 4
2, 27, 26, 4
2, 27, 26, 4
2, 27, 26, 4
2, 27, 26, 4
2, 27, 26, 4
2, 27, 26, 4
2, 27, 26, 4
2, 27, 26, 4
2, 27, 26, 4
2, 27, 26, 4
2, 27, 26, 4
2, 27, 26, 4
2, 27, 26, 4
2, 27, 26, 4
2, 27, 26, 4
2, 27, 26, 4
2, 27, 26, 4
2, 27, 26, 4
2, 27, 26, 4
2, 27, 26, 4
2, 27, 26, 4
2, 27, 26, 4
2, 27, 26, 4
2, 27, 26, 4
2, 27, 26, 4
2, 27, 26, 4
1, 26, 26, 4
1, 26, 26, 4
1, 26, 26, 4
1, 26, 26, 4
1, 26, 26, 4
1, 26, 26, 4
1, 26, 26, 4
1, 26, 26, 4
1, 26, 26, 4
1, 26, 26, 4
1, 26, 26, 4
1, 26, 26, 4
1, 26, 26, 4
1, 26, 26, 4
1, 26, 26, 4
1, 26, 26, 4
1, 26, 26, 4
1, 26, 26, 4
1, 26, 26, 4
1, 26, 26, 4
1, 26, 26, 5
1, 26, 26, 5
1, 26, 26, 5
1, 26, 26, 5
1, 26, 26, 5
1, 26, 26, 5
1, 26, 26, 5
1, 26, 26, 5
1, 26, 26, 5
1, 26, 26, 5
1, 26, 26, 5
1, 26, 26, 5
1, 26, 26, 5
1, 26, 26, 5
1, 26, 26, 5
1, 26, 26, 5
1, 26, 26, 5
1, 26, 26, 5
1, 26, 26, 5
1, 26, 26, 5
1, 26, 26, 5
1, 26, 26, 5
1, 26, 26, 5
1, 26, 26, 5
1, 26, 26, 5
1, 26, 26, 5
1, 26, 26, 5
1, 26, 26, 5
1, 26, 26, 5
1, 26, 26, 5
1, 26, 26, 5
1, 26, 26, 5
1, 26, 26, 5
1, 26, 26, 5
1, 26, 26, 5
1, 26, 26, 5
1, 26, 26, 5
1, 26, 26, 5
1, 26, 26, 5
1, 26, 26, 5
1, 26, 26, 5
1, 26, 26, 5
1, 26, 26, 5
1, 26, 26, 5
1, 26, 26, 5
1, 26, 26, 5
1, 26, 26, 5
1, 26, 26, 5
1, 26, 26, 5
1, 26, 26, 5
1, 25, 26, 5
1, 25, 26, 5
1, 25, 26, 5
1, 25, 26, 5
1, 25, 26, 5
1, 25, 26, 5
1, 25, 26, 5
1, 25, 26, 5
1, 25, 26, 5
1, 25, 26, 5
1, 25, 26, 5
1, 25, 26, 5
1, 25, 26, 5
1, 25, 26, 5
1, 25, 26, 5
1, 25, 26, 5
1, 25, 26, 5
1, 25, 26, 5
1, 25, 26, 5
1, 25, 26, 5
1, 25, 26, 5
1, 25, 26, 5
1, 25, 26, 5
1, 25, 26, 5
1, 25, 26, 5
1, 25, 26, 5
1, 25, 26, 5
1, 25, 26, 5
1, 25, 26, 5
1, 25, 26, 5
1, 25, 26, 5
1, 25, 26, 5
1, 25, 26, 5
1, 25, 26, 5
1, 25, 26, 5
1, 25, 26, 5
1, 25, 26, 5
1, 25, 26, 5
1, 25, 26, 5
1, 25, 26, 5
1, 25, 26, 5
1, 25, 26, 5
1, 25, 26, 5
1, 25, 26, 5
1, 25, 26, 5
1, 25, 26, 5
1, 25, 26, 5
1, 25, 26, 5
1, 25, 26, 5
1, 25, 26, 5
1, 25, 26, 5
1, 25, 26, 5
1, 25, 26, 5
1, 25, 26, 5
1, 25, 26, 5
1, 25, 26, 5
1, 25, 26, 5
1, 25, 26, 5
1, 25, 26, 5
1, 25, 26, 5
1, 25, 26, 5
1, 25, 26, 5
1, 25, 26, 5
1, 25, 26, 5
1, 25, 26, 5
1, 25, 26, 5
1, 25, 26, 5
1, 25, 26, 5
1, 25, 26, 5
1, 25, 26, 5
1, 25, 26, 6
1, 25, 26, 6
1, 25, 26, 6
1, 25, 26, 6
1, 25, 26, 6
1, 25, 26, 6
1, 25, 26, 6
1, 25, 26, 6
1, 25, 26, 6
1, 25, 26, 6
1, 25, 26, 6
1, 25, 26, 6
1, 25, 26, 6
1, 25, 26, 6
1, 25, 26, 6
1, 25, 26, 6
1, 25, 26, 6
1, 25, 26, 6
1, 25, 26, 6
1, 25, 26, 6
1, 25, 26, 6
1, 25, 26, 6
1, 25, 26, 6
1, 25, 26, 6
1, 25, 26, 6
1, 25, 26, 6
1, 25, 26, 6
1, 25, 26, 6
1, 25, 26, 6
1, 25, 26, 6
1, 25, 26, 6
1, 25, 26, 6
1, 25, 26, 6
1, 25, 26, 6
1, 25, 26, 6
1, 25, 26, 6
1, 25, 26, 6
1, 25, 26, 6
1, 25, 26, 6
1, 25, 26, 6
1, 24, 26, 6
1, 24, 26, 6
1, 24, 26, 6
1, 24, 26, 6
1, 24, 26, 6
1, 24, 26, 6
1, 24, 26, 6
1, 24, 26, 6
1, 24, 26, 6
1, 24, 26, 6
1, 24, 26, 6
1, 24, 26, 6
1, 24, 26, 6
1, 24, 26, 6
1, 24, 26, 6
1, 24, 26, 6
1, 24, 26, 6
1, 24, 26, 6
1, 24, 26, 6
1, 24, 26, 6
1, 24, 26, 6
1, 24, 26, 6
1, 24, 26, 6
1, 24, 26, 6
1, 24, 26, 6
1, 24, 26, 6
1, 24, 26, 6
1, 24, 26, 6
1, 24, 26, 6
1, 24, 26, 6
1, 24, 26, 6
1, 24, 26, 6
1, 24, 26, 6
1, 24, 26, 6
1, 24, 26, 6
1, 24, 26, 6
1, 24, 26, 6
1, 24, 26, 6
1, 24, 26, 6
1, 24, 26, 6
1, 24, 26, 6
1, 24, 26, 6
1, 24, 26, 6
1, 24, 26, 6
1, 24, 26, 6
1, 24, 26, 6
1, 24, 26, 6
1, 24, 26, 6
1, 24, 26, 6
1, 24, 26, 6
1, 24, 26, 6
1, 24, 26, 6
1, 24, 26, 6
1, 24, 26, 6
1, 24, 26, 6
1, 24, 26, 6
1, 24, 26, 6
1, 24, 26, 6
1, 24, 26, 6
1, 24, 26, 6
1, 24, 26, 7
1, 24, 26, 7
1, 24, 26, 7
1, 24, 26, 7
1, 24, 26, 7
1, 24, 26, 7
1, 24, 26, 7
1, 24, 26, 7
1, 24, 26, 7
1, 24, 26, 7
1, 24, 27, 7
1, 24, 27, 7
1, 24, 27, 7
1, 24, 27, 7
1, 24, 27, 7
1, 24, 27, 7
1, 24, 27, 7
1, 24, 27, 7
1, 24, 27, 7
1, 24, 27, 7
1, 23, 27, 7
1, 23, 27, 7
1, 23, 27, 7
1, 23, 27, 7
1, 23, 27, 7
1, 23, 27, 7
1, 23, 27, 7
1, 23, 27, 7
1, 23, 27, 7
1, 23, 27, 7
1, 23, 27, 7
1, 23, 27, 7
1, 23, 27, 7
1, 23, 27, 7
1, 23, 27, 7
1, 23, 27, 7
1, 23, 27, 7
1, 23, 27, 7
1, 23, 27, 7
1, 23, 27, 7
1, 23, 27, 7
1, 23, 27, 7
1, 23, 27, 7
1, 23, 27, 7
1, 23, 27, 7
1, 23, 27, 7
1, 23, 27, 7
1, 23, 27, 7
1, 23, 27, 7
1, 23, 27, 7
1, 23, 27, 7
1, 23, 27, 7
1, 23, 27, 7
1, 23, 27, 7
1, 23, 27, 7
1, 23, 27, 7
1, 23, 27, 7
1, 23, 27, 7
1, 23, 27, 7
1, 23, 27, 7
1, 23, 27, 8
1, 23, 27, 8
1, 23, 27, 8
1, 23, 27, 8
1, 23, 27, 8
1, 23, 27, 8
1, 23, 27, 8
1, 23, 27, 8
1, 23, 27, 8
1, 23, 27, 8
1, 23, 27, 8
1, 23, 27, 8
1, 23, 27, 8
1, 23, 27, 8
1, 23, 27, 8
1, 23, 27, 8
1, 23, 27, 8
1, 23, 27, 8
1, 23, 27, 8
1, 23, 27, 8
1, 22, 27, 8
1, 22, 27, 8
1, 22, 27, 8
1, 22, 27, 8
1, 22, 27, 8
1, 22, 27, 8
1, 22, 27, 8
1, 22, 27, 8
1, 22, 27, 8
1, 22, 27, 8
2, 22, 28, 8
2, 22, 28, 8
2, 22, 28, 8
2, 22, 28, 8
2, 22, 28, 8
2, 22, 28, 8
2, 22, 28, 8
2, 22, 28, 8
2, 22, 28, 8
2, 22, 28, 8
2, 22, 28, 8
2, 22, 28, 8
2, 22, 28, 8
2, 22, 28, 8
2, 22, 28, 8
2, 22, 28, 8
2, 22, 28, 8
2, 22, 28, 8
2, 22, 28, 8
2, 22, 28, 8
2, 22, 28, 9
2, 22, 28, 9
2, 22, 28, 9
2, 22, 28, 9
2, 22, 28, 9
2, 22, 28, 9
2, 22, 28, 9
2, 22, 28, 9
2, 22, 28, 9
2, 22, 28, 9
2, 21, 28, 9
2, 21, 28, 9
2, 21, 28, 9
2, 21, 28, 9
2, 21, 28, 9
2, 21, 28, 9
2, 21, 28, 9
2, 21, 28, 9
2, 21, 28, 9
2, 21, 28, 9
2, 21, 28, 9
2, 21, 28, 9
2, 21, 28, 9
2, 21, 28, 9
2, 21, 28, 9
2, 21, 28, 9
2, 21, 28, 9
2, 21, 28, 9
2, 21, 28, 9
2, 21, 28, 9
2, 21, 29, 10
2, 21, 29, 10
2, 21, 29, 10
2, 21, 29, 10
2, 21, 29, 10
2, 21, 29, 10
2, 21, 29, 10
2, 21, 29, 10
2, 21, 29, 10
2, 21, 29, 10
2, 20, 29, 10
2, 20, 29, 10
2, 20, 29, 10
2, 20, 29, 10
2, 20, 29, 10
2, 20, 29, 10
2, 20, 29, 10
2, 20, 29, 10
2, 20, 29, 10
2, 20, 29, 10
2, 20, 29, 10
2, 20, 29, 10
2, 20, 29, 10
2, 20, 29, 10
2, 20, 29, 10
2, 20, 29, 10
2, 20, 29, 10
2, 20, 29, 10
2, 20, 29, 10
2, 20, 29, 10
2, 20, 29, 11
2, 20, 29, 11
2, 20, 29, 11
2, 20, 29, 11
2, 20, 29, 11
2, 20, 29, 11
2, 20, 29, 11
2, 20, 29, 11
2, 20, 29, 11
2, 20, 29, 11
2, 20, 29, 11
2, 20, 29, 11
2, 20, 29, 11
2, 20, 29, 11
2, 20, 29, 11
2, 20, 29, 11
2, 20, 29, 11
2, 20, 29, 11
2, 20, 29, 11
2, 20, 29, 11
3, 19, 29, 11
3, 19, 29, 11
3, 19, 29, 11
3, 19, 29, 11
3, 19, 29, 11
3, 19, 29, 11
3, 19, 29, 11
3, 19, 29, 11
3, 19, 29, 11
3, 19, 29, 11
3, 19, 30, 11
3, 19, 30, 11
3, 19, 30, 11
3, 19, 30, 11
3, 19, 30, 11
3, 19, 30, 11
3, 19, 30, 11
3, 19, 30, 11
3, 19, 30, 11
3, 19, 30, 11
3, 19, 30, 12
3, 19, 30, 12
3, 19, 30, 12
3, 19, 30, 12
3, 19, 30, 12
3, 19, 30, 12
3, 19, 30, 12
3, 19, 30, 12
3, 19, 30, 12
3, 19, 30, 12
3, 19, 30, 12
3, 19, 30, 12
3, 19, 30, 12
3, 19, 30, 12
3, 19, 30, 12
3, 19, 30, 12
3, 19, 30, 12
3, 19, 30, 12
3, 19, 30, 12
3, 19, 30, 12
3, 18, 30, 12
3, 18, 30, 12
3, 18, 30, 12
3, 18, 30, 12
3, 18, 30, 12
3, 18, 30, 12
3, 18, 30, 12
3, 18, 30, 12
3, 18, 30, 12
3, 18, 30, 12
3, 18, 30, 13
3, 18, 30, 13
3, 18, 30, 13
3, 18, 30, 13
3, 18, 30, 13
3, 18, 30, 13
3, 18, 30, 13
3, 18, 30, 13
3, 18, 30, 13
3, 18, 30, 13
3, 18, 30, 13
3, 18, 30, 13
3, 18, 30, 13
3, 18, 30, 13
3, 18, 30, 13
3, 18, 30, 13
3, 18, 30, 13
3, 18, 30, 13
3, 18, 30, 13
3, 18, 30, 13
3, 17, 31, 13
3, 17, 31, 13
3, 17, 31, 13
3, 17, 31, 13
3, 17, 31, 13
3, 17, 31, 13
3, 17, 31, 13
3, 17, 31, 13
3, 17, 31, 13
3, 17, 31, 13
3, 17, 31, 13
3, 17, 31, 13
3, 17, 31, 13
3, 17, 31, 13
3, 17, 31, 13
3, 17, 31, 13
3, 17, 31, 13
3, 17, 31, 13
3, 17, 31, 13
3, 17, 31, 13
3, 17, 31, 13
3, 17, 31, 13
3, 17, 31, 13
3, 17, 31, 13
3, 17, 31, 13
3, 17, 31, 13
3, 17, 31, 13
3, 17, 31, 13
3, 17, 31, 13
3, 17, 31, 13
3, 17, 31, 14
3, 17, 31, 14
3, 17, 31, 14
3, 17, 31, 14
3, 17, 31, 14
3, 17, 31, 14
3, 17, 31, 14
3, 17, 31, 14
3, 17, 31, 14
3, 17, 31, 14
3, 17, 31, 13
3, 17, 31, 13
3, 17, 31, 13
3, 17, 31, 13
3, 17, 31, 13
3, 17, 31, 13
3, 17, 31, 13
3, 17, 31, 13
3, 17, 31, 13
3, 17, 31, 13
3, 17, 31, 14
3, 17, 31, 14
3, 17, 31, 14
3, 17, 31, 14
3, 17, 31, 14
3, 17, 31, 14
3, 17, 31, 14
3, 17, 31, 14
3, 17, 31, 14
3, 17, 31, 14
3, 17, 31, 14
3, 17, 31, 14
3, 17, 31, 14
3, 17, 31, 14
3, 17, 31, 14
3, 17, 31, 14
3, 17, 31, 14
3, 17, 31, 14
3, 17, 31, 14
3, 17, 31, 14
3, 17, 31, 14
3, 17, 31, 14
3, 17, 31, 14
3, 17, 31, 14
3, 17, 31, 14
3, 17, 31, 14
3, 17, 31, 14
3, 17, 31, 14
3, 17, 31, 14
3, 17, 31, 14
3, 17, 31, 14
3, 17, 31, 14
3, 17, 31, 14
3, 17, 31, 14
3, 17, 31, 14
3, 17, 31, 14
3, 17, 31, 14
3, 17, 31, 14
3, 17, 31, 14
3, 17, 31, 14
3, 17, 31, 14
3, 17, 31, 14
3, 17, 31, 14
3, 17, 31, 14
3, 17, 31, 14
3, 17, 31, 14
3, 17, 31, 14
3, 17, 31, 14
3, 17, 31, 14
3, 17, 31, 14
3, 16, 31, 14
3, 16, 31, 14
3, 16, 31, 14
3, 16, 31, 14
3, 16, 31, 14
3, 16, 31, 14
3, 16, 31, 14
3, 16, 31, 14
3, 16, 31, 14
3, 16, 31, 14
3, 16, 31, 14
3, 16, 31, 14
3, 16, 31, 14
3, 16, 31, 14
3, 16, 31, 14
3, 16, 31, 14
3, 16, 31, 14
3, 16, 31, 14
3, 16, 31, 14
3, 16, 31, 14
3, 16, 32, 14
3, 16, 32, 14
3, 16, 32, 14
3, 16, 32, 14
3, 16, 32, 14
3, 16, 32, 14
3, 16, 32, 14
3, 16, 32, 14
3, 16, 32, 14
3, 16, 32, 14
3, 16, 32, 14
3, 16, 32, 14
3, 16, 32, 14
3, 16, 32, 14
3, 16, 32, 14
3, 16, 32, 14
3, 16, 32, 14
3, 16, 32, 14
3, 16, 32, 14
3, 16, 32, 14
3, 16, 32, 15
3, 16, 32, 15
3, 16, 32, 15
3, 16, 32, 15
3, 16, 32, 15
3, 16, 32, 15
3, 16, 32, 15
3, 16, 32, 15
3, 16, 32, 15
3, 16, 32, 15
3, 15, 32, 15
3, 15, 32, 15
3, 15, 32, 15
3, 15, 32, 15
3, 15, 32, 15
3, 15, 32, 15
3, 15, 32, 15
3, 15, 32, 15
3, 15, 32, 15
3, 15, 32, 15
3, 15, 32, 15
3, 15, 32, 15
3, 15, 32, 15
3, 15, 32, 15
3, 15, 32, 15
3, 15, 32, 15
3, 15, 32, 15
3, 15, 32, 15
3, 15, 32, 15
3, 15, 32, 15
3, 15, 32, 15
3, 15, 32, 15
3, 15, 32, 15
3, 15, 32, 15
3, 15, 32, 15
3, 15, 32, 15
3, 15, 32, 15
3, 15, 32, 15
3, 15, 32, 15
3, 15, 32, 15
4, 15, 32, 15
4, 15, 32, 15
4, 15, 32, 15
4, 15, 32, 15
4, 15, 32, 15
4, 15, 32, 15
4, 15, 32, 15
4, 15, 32, 15
4, 15, 32, 15
4, 15, 32, 15
3, 15, 32, 15
3, 15, 32, 15
3, 15, 32, 15
3, 15, 32, 15
3, 15, 32, 15
3, 15, 32, 15
3, 15, 32, 15
3, 15, 32, 15
3, 15, 32, 15
3, 15, 32, 15
3, 15, 32, 16
3, 15, 32, 16
3, 15, 32, 16
3, 15, 32, 16
3, 15, 32, 16
3, 15, 32, 16
3, 15, 32, 16
3, 15, 32, 16
3, 15, 32, 16
3, 15, 32, 16
3, 14, 32, 16
3, 14, 32, 16
3, 14, 32, 16
3, 14, 32, 16
3, 14, 32, 16
3, 14, 32, 16
3, 14, 32, 16
3, 14, 32, 16
3, 14, 32, 16
3, 14, 32, 16
3, 14, 32, 16
3, 14, 32, 16
3, 14, 32, 16
3, 14, 32, 16
3, 14, 32, 16
3, 14, 32, 16
3, 14, 32, 16
3, 14, 32, 16
3, 14, 32, 16
3, 14, 32, 16
4, 14, 32, 16
4, 14, 32, 16
4, 14, 32, 16
4, 14, 32, 16
4, 14, 32, 16
4, 14, 32, 16
4, 14, 32, 16
4, 14, 32, 16
4, 14, 32, 16
4, 14, 32, 16
4, 13, 33, 17
4, 13, 33, 17
4, 13, 33, 17
4, 13, 33, 17
4, 13, 33, 17
4, 13, 33, 17
4, 13, 33, 17
4, 13, 33, 17
4, 13, 33, 17
4, 13, 33, 17
4, 13, 33, 17
4, 13, 33, 17
4, 13, 33, 17
4, 13, 33, 17
4, 13, 33, 17
4, 13, 33, 17
4, 13, 33, 17
4, 13, 33, 17
4, 13, 33, 17
4, 13, 33, 17
4, 13, 33, 17
4, 13, 33, 17
4, 13, 33, 17
4, 13, 33, 17
4, 13, 33, 17
4, 13, 33, 17
4, 13, 33, 17
4, 13, 33, 17
4, 13, 33, 17
4, 13, 33, 17
4, 13, 33, 17
4, 13, 33, 17
4, 13, 33, 17
4, 13, 33, 17
4, 13, 33, 17
4, 13, 33, 17
4, 13, 33, 17
4, 13, 33, 17
4, 13, 33, 17
4, 13, 33, 17
4, 13, 33, 18
4, 13, 33, 18
4, 13, 33, 18
4, 13, 33, 18
4, 13, 33, 18
4, 13, 33, 18
4, 13, 33, 18
4, 13, 33, 18
4, 13, 33, 18
4, 12, 33, 18
4, 12, 33, 18
4, 12, 33, 18
4, 12, 33, 18
4, 12, 33, 18
4, 12, 33, 18
4, 12, 33, 18
4, 12, 33, 18
4, 12, 33, 18
4, 12, 33, 18
4, 12, 33, 18
4, 12, 33, 18
4, 12, 33, 18
4, 12, 33, 18
4, 12, 33, 18
4, 12, 33, 18
4, 12, 33, 18
4, 12, 33, 18
4, 12, 33, 18
4, 12, 33, 18
4, 12, 33, 18
4, 12, 33, 18
4, 12, 33, 18
4, 12, 33, 18
4, 12, 33, 18
4, 12, 33, 18
4, 12, 33, 18
4, 12, 33, 18
4, 12, 33, 18
4, 12, 33, 18
4, 12, 33, 18
4, 12, 33, 18
4, 12, 33, 18
4, 12, 33, 18
4, 12, 33, 18
4, 12, 33, 18
4, 12, 33, 18
4, 12, 33, 18
4, 12, 33, 18
4, 12, 33, 18
4, 11, 33, 19
4, 11, 33, 19
4, 11, 33, 19
4, 11, 33, 19
4, 11, 33, 19
4, 11, 33, 19
4, 11, 33, 19
4, 11, 33, 19
4, 11, 33, 19
4, 11, 33, 19
4, 11, 34, 19
4, 11, 34, 19
4, 11, 34, 19
4, 11, 34, 19
4, 11, 34, 19
4, 11, 34, 19
4, 11, 34, 19
4, 11, 34, 19
4, 11, 34, 19
4, 11, 34, 19
4, 11, 34, 19
4, 11, 34, 19
4, 11, 34, 19
4, 11, 34, 19
4, 11, 34, 19
4, 11, 34, 19
4, 11, 34, 19
4, 11, 34, 19
4, 11, 34, 19
4, 11, 34, 19
4, 11, 34, 19
4, 11, 34, 19
4, 11, 34, 19
4, 11, 34, 19
4, 11, 34, 19
4, 11, 34, 19
4, 11, 34, 19
4, 11, 34, 19
4, 11, 34, 19
4, 11, 34, 19
4, 11, 34, 19
4, 11, 34, 19
4, 11, 34, 19
4, 11, 34, 19
4, 11, 34, 19
4, 11, 34, 19
4, 11, 34, 19
4, 11, 34, 19
4, 11, 34, 19
4, 11, 34, 19
4, 11, 34, 19
4, 11, 34, 19
4, 11, 34, 19
4, 11, 34, 19
4, 11, 34, 19
4, 11, 34, 19
4, 11, 34, 19
4, 11, 34, 19
4, 11, 34, 19
4, 11, 34, 19
4, 11, 34, 19
4, 11, 34, 19
4, 11, 34, 19
4, 11, 34, 19
4, 11, 34, 19
4, 11, 34, 19
4, 11, 34, 19
4, 11, 34, 19
4, 11, 34, 19
4, 11, 34, 19
4, 10, 34, 20
4, 10, 34, 20
4, 10, 34, 20
4, 10, 34, 20
4, 10, 34, 20
4, 10, 34, 20
4, 10, 34, 20
4, 10, 34, 20
4, 10, 34, 20
4, 10, 34, 20
4, 10, 34, 20
4, 10, 34, 20
4, 10, 34, 20
4, 10, 34, 20
4, 10, 34, 20
4, 10, 34, 20
4, 10, 34, 20
4, 10, 34, 20
4, 10, 34, 20
4, 10, 34, 20
4, 10, 34, 20
4, 10, 34, 20
4, 10, 34, 20
4, 10, 34, 20
4, 10, 34, 20
4, 10, 34, 20
4, 10, 34, 20
4, 10, 34, 20
4, 10, 34, 20
4, 10, 34, 20
4, 10, 34, 20
4, 10, 34, 20
4, 10, 34, 20
4, 10, 34, 20
4, 10, 34, 20
4, 10, 34, 20
4, 10, 34, 20
4, 10, 34, 20
4, 10, 34, 20
4, 10, 34, 20
4, 10, 34, 20
4, 10, 34, 20
4, 10, 34, 20
4, 10, 34, 20
4, 10, 34, 20
4, 10, 34, 20
4, 10, 34, 20
4, 10, 34, 20
4, 10, 34, 20
4, 10, 34, 20
4, 10, 34, 20
4, 10, 34, 20
4, 10, 34, 20
4, 10, 34, 20
4, 10, 34, 20
4, 10, 34, 20
4, 10, 34, 20
4, 10, 34, 20
4, 10, 34, 20
4, 10, 34, 20
4, 10, 35, 20
4, 10, 35, 20
4, 10, 35, 20
4, 10, 35, 20
4, 10, 35, 20
4, 10, 35, 20
4, 10, 35, 20
4, 10, 35, 20
4, 10, 35, 20
4, 10, 35, 20
4, 10, 35, 21
4, 10, 35, 21
4, 10, 35, 21
4, 10, 35, 21
4, 10, 35, 21
4, 10, 35, 21
4, 10, 35, 21
4, 10, 35, 21
4, 10, 35, 21
4, 10, 35, 21
4, 10, 35, 21
4, 10, 35, 21
4, 10, 35, 21
4, 10, 35, 21
4, 10, 35, 21
4, 10, 35, 21
4, 10, 35, 21
4, 10, 35, 21
4, 10, 35, 21
4, 10, 35, 21
4, 9, 35, 21
4, 9, 35, 21
4, 9, 35, 21
4, 9, 35, 21
4, 9, 35, 21
4, 9, 35, 21
4, 9, 35, 21
4, 9, 35, 21
4, 9, 35, 21
4, 9, 35, 21
5, 9, 35, 21
5, 9, 35, 21
5, 9, 35, 21
5, 9, 35, 21
5, 9, 35, 21
5, 9, 35, 21
5, 9, 35, 21
5, 9, 35, 21
5, 9, 35, 21
5, 9, 35, 21
5, 9, 35, 21
5, 9, 35, 21
5, 9, 35, 21
5, 9, 35, 21
5, 9, 35, 21
5, 9, 35, 21
5, 9, 35, 21
5, 9, 35, 21
5, 9, 35, 21
5, 9, 35, 21
5, 8, 35, 22
5, 8, 35, 22
5, 8, 35, 22
5, 8, 35, 22
5, 8, 35, 22
5, 8, 35, 22
5, 8, 35, 22
5, 8, 35, 22
5, 8, 35, 22
5, 8, 35, 22
5, 8, 35, 22
5, 8, 35, 22
5, 8, 35, 22
5, 8, 35, 22
5, 8, 35, 22
5, 8, 35, 22
5, 8, 35, 22
5, 8, 35, 22
5, 8, 35, 22
5, 8, 35, 22
5, 8, 36, 22
5, 8, 36, 22
5, 8, 36, 22
5, 8, 36, 22
5, 8, 36, 22
5, 8, 36, 22
5, 8, 36, 22
5, 8, 36, 22
5, 8, 36, 22
5, 8, 36, 22
5, 8, 36, 22
5, 8, 36, 22
5, 8, 36, 22
5, 8, 36, 22
5, 8, 36, 22
5, 8, 36, 22
5, 8, 36, 22
5, 8, 36, 22
5, 8, 36, 22
5, 8, 36, 22
5, 8, 36, 22
5, 8, 36, 22
5, 8, 36, 22
5, 8, 36, 22
5, 8, 36, 22
5, 8, 36, 22
5, 8, 36, 22
5, 8, 36, 22
5, 8, 36, 22
5, 8, 36, 22
5, 7, 36, 23
5, 7, 36, 23
5, 7, 36, 23
5, 7, 36, 23
5, 7, 36, 23
5, 7, 36, 23
5, 7, 36, 23
5, 7, 36, 23
5, 7, 36, 23
5, 7, 36, 23
5, 7, 36, 23
5, 7, 36, 23
5, 7, 36, 23
5, 7, 36, 23
5, 7, 36, 23
5, 7, 36, 23
5, 7, 36, 23
5, 7, 36, 23
5, 7, 36, 23
5, 7, 36, 23
5, 7, 36, 23
5, 7, 36, 23
5, 7, 36, 23
5, 7, 36, 23
5, 7, 36, 23
5, 7, 36, 23
5, 7, 36, 23
5, 7, 36, 23
5, 7, 36, 23
5, 7, 36, 23
5, 7, 36, 23
5, 7, 36, 23
5, 7, 36, 23
5, 7, 36, 23
5, 7, 36, 23
5, 7, 36, 23
5, 7, 36, 23
5, 7, 36, 23
5, 7, 36, 23
5, 7, 36, 23
5, 7, 36, 23
5, 7, 36, 23
5, 7, 36, 23
5, 7, 36, 23
5, 7, 36, 23
5, 7, 36, 23
5, 7, 36, 23
5, 7, 36, 23
5, 7, 36, 23
5, 7, 36, 23
5, 7, 36, 23
5, 7, 36, 23
5, 7, 36, 23
5, 7, 36, 23
5, 7, 36, 23
5, 7, 36, 23
5, 7, 36, 23
5, 7, 36, 23
5, 7, 36, 23
5, 7, 36, 23
5, 7, 36, 23
5, 7, 36, 23
5, 7, 36, 23
5, 7, 36, 23
5, 7, 36, 23
5, 7, 36, 23
5, 7, 36, 23
5, 7, 36, 23
5, 7, 36, 23
5, 7, 36, 23
5, 7, 36, 23
5, 7, 36, 23
5, 7, 36, 23
5, 7, 36, 23
5, 7, 36, 23
5, 7, 36, 23
5, 7, 36, 23
5, 7, 36, 23
5, 7, 36, 23
5, 7, 36, 23
5, 7, 36, 23
5, 7, 36, 23
5, 7, 36, 23
5, 7, 36, 23
5, 7, 36, 23
5, 7, 36, 23
5, 7, 36, 23
5, 7, 36, 23
5, 7, 36, 23
5, 7, 36, 23
5, 7, 36, 23
5, 7, 36, 23
5, 7, 36, 23
5, 7, 36, 23
5, 7, 36, 23
5, 7, 36, 23
5, 7, 36, 23
5, 7, 36, 23
5, 7, 36, 23
5, 7, 36, 23
5, 6, 37, 24
5, 6, 37, 24
5, 6, 37, 24
5, 6, 37, 24
5, 6, 37, 24
5, 6, 37, 24
5, 6, 37, 24
5, 6, 37, 24
5, 6, 37, 24
5, 6, 37, 24
5, 6, 37, 24
5, 6, 37, 24
5, 6, 37, 24
5, 6, 37, 24
5, 6, 37, 24
5, 6, 37, 24
5, 6, 37, 24
5, 6, 37, 24
5, 6, 37, 24
5, 6, 37, 24
5, 6, 37, 24
5, 6, 37, 24
5, 6, 37, 24
5, 6, 37, 24
5, 6, 37, 24
5, 6, 37, 24
5, 6, 37, 24
5, 6, 37, 24
5, 6, 37, 24
5, 6, 37, 24
5, 6, 37, 24
5, 6, 37, 24
5, 6, 37, 24
5, 6, 37, 24
5, 6, 37, 24
5, 6, 37, 24
5, 6, 37, 24
5, 6, 37, 24
5, 6, 37, 24
5, 6, 37, 24
5, 6, 37, 24
5, 6, 37, 24
5, 6, 37, 24
5, 6, 37, 24
5, 6, 37, 24
5, 6, 37, 24
5, 6, 37, 24
5, 6, 37, 24
5, 6, 37, 24
5, 6, 37, 24
5, 6, 37, 24
5, 6, 37, 24
5, 6, 37, 24
5, 6, 37, 24
5, 6, 37, 24
5, 6, 37, 24
5, 6, 37, 24
5, 6, 37, 24
5, 6, 37, 24
5, 6, 37, 24
5, 5, 37, 25
5, 5, 37, 25
5, 5, 37, 25
5, 5, 37, 25
5, 5, 37, 25
5, 5, 37, 25
5, 5, 37, 25
5, 5, 37, 25
5, 5, 37, 25
5, 5, 37, 25
5, 5, 37, 25
5, 5, 37, 25
5, 5, 37, 25
5, 5, 37, 25
5, 5, 37, 25
5, 5, 37, 25
5, 5, 37, 25
5, 5, 37, 25
5, 5, 37, 25
5, 5, 37, 25
5, 5, 37, 25
5, 5, 37, 25
5, 5, 37, 25
5, 5, 37, 25
5, 5, 37, 25
5, 5, 37, 25
5, 5, 37, 25
5, 5, 37, 25
5, 5, 37, 25
5, 5, 37, 25
6, 5, 37, 25
6, 5, 37, 25
6, 5, 37, 25
6, 5, 37, 25
6, 5, 37, 25
6, 5, 37, 25
6, 5, 37, 25
6, 5, 37, 25
6, 5, 37, 25
6, 5, 37, 25
6, 5, 38, 25
6, 5, 38, 25
6, 5, 38, 25
6, 5, 38, 25
6, 5, 38, 25
6, 5, 38, 25
6, 5, 38, 25
6, 5, 38, 25
6, 5, 38, 25
6, 5, 38, 25
6, 5, 38, 25
6, 5, 38, 25
6, 5, 38, 25
6, 5, 38, 25
6, 5, 38, 25
6, 5, 38, 25
6, 5, 38, 25
6, 5, 38, 25
6, 5, 38, 25
6, 5, 38, 25
6, 4, 38, 26
6, 4, 38, 26
6, 4, 38, 26
6, 4, 38, 26
6, 4, 38, 26
6, 4, 38, 26
6, 4, 38, 26
6, 4, 38, 26
6, 4, 38, 26
6, 4, 38, 26
6, 4, 38, 26
6, 4, 38, 26
6, 4, 38, 26
6, 4, 38, 26
6, 4, 38, 26
6, 4, 38, 26
6, 4, 38, 26
6, 4, 38, 26
6, 4, 38, 26
6, 4, 38, 26
6, 4, 38, 26
6, 4, 38, 26
6, 4, 38, 26
6, 4, 38, 26
6, 4, 38, 26
6, 4, 38, 26
6, 4, 38, 26
6, 4, 38, 26
6, 4, 38, 26
6, 4, 38, 26
6, 4, 38, 26
6, 4, 38, 26
6, 4, 38, 26
6, 4, 38, 26
6, 4, 38, 26
6, 4, 38, 26
6, 4, 38, 26
6, 4, 38, 26
6, 4, 38, 26
6, 4, 38, 26
6, 4, 38, 26
6, 4, 38, 26
6, 4, 38, 26
6, 4, 38, 26
6, 4, 38, 26
6, 4, 38, 26
6, 4, 38, 26
6, 4, 38, 26
6, 4, 38, 26
6, 4, 38, 26
5, 3, 38, 26
5, 3, 38, 26
5, 3, 38, 26
5, 3, 38, 26
5, 3, 38, 26
5, 3, 38, 26
5, 3, 38, 26
5, 3, 38, 26
5, 3, 38, 26
5, 3, 38, 26
6, 3, 38, 27
6, 3, 38, 27
6, 3, 38, 27
6, 3, 38, 27
6, 3, 38, 27
6, 3, 38, 27
6, 3, 38, 27
6, 3, 38, 27
6, 3, 38, 27
6, 3, 38, 27
6, 3, 38, 27
6, 3, 38, 27
6, 3, 38, 27
6, 3, 38, 27
6, 3, 38, 27
6, 3, 38, 27
6, 3, 38, 27
6, 3, 38, 27
6, 3, 38, 27
6, 3, 38, 27
6, 3, 38, 27
6, 3, 38, 27
6, 3, 38, 27
6, 3, 38, 27
6, 3, 38, 27
6, 3, 38, 27
6, 3, 38, 27
6, 3, 38, 27
6, 3, 38, 27
6, 3, 38, 27
6, 3, 38, 27
6, 3, 38, 27
6, 3, 38, 27
6, 3, 38, 27
6, 3, 38, 27
6, 3, 38, 27
6, 3, 38, 27
6, 3, 38, 27
6, 3, 38, 27
6, 3, 38, 27
6, 2, 39, 27
6, 2, 39, 27
6, 2, 39, 27
6, 2, 39, 27
6, 2, 39, 27
6, 2, 39, 27
6, 2, 39, 27
6, 2, 39, 27
6, 2, 39, 27
6, 2, 39, 27
6, 2, 39, 28
6, 2, 39, 28
6, 2, 39, 28
6, 2, 39, 28
6, 2, 39, 28
6, 2, 39, 28
6, 2, 39, 28
6, 2, 39, 28
6, 2, 39, 28
6, 2, 39, 28
6, 2, 39, 28
6, 2, 39, 28
6, 2, 39, 28
6, 2, 39, 28
6, 2, 39, 28
6, 2, 39, 28
6, 2, 39, 28
6, 2, 39, 28
6, 2, 39, 28
6, 2, 39, 28
6, 2, 39, 28
6, 2, 39, 28
6, 2, 39, 28
6, 2, 39, 28
6, 2, 39, 28
6, 2, 39, 28
6, 2, 39, 28
6, 2, 39, 28
6, 2, 39, 28
6, 2, 39, 28
6, 1, 39, 28
6, 1, 39, 28
6, 1, 39, 28
6, 1, 39, 28
6, 1, 39, 28
6, 1, 39, 28
6, 1, 39, 28
6, 1, 39, 28
6, 1, 39, 28
6, 1, 39, 28
6, 1, 39, 29
6, 1, 39, 29
6, 1, 39, 29
6, 1, 39, 29
6, 1, 39, 29
6, 1, 39, 29
6, 1, 39, 29
6, 1, 39, 29
6, 1, 39, 29
6, 1, 39, 29
6, 1, 39, 29
6, 1, 39, 29
6, 1, 39, 29
6, 1, 39, 29
6, 1, 39, 29
6, 1, 39, 29
6, 1, 39, 29
6, 1, 39, 29
6, 1, 39, 29
6, 1, 39, 29
6, 1, 39, 29
6, 1, 39, 29
6, 1, 39, 29
6, 1, 39, 29
6, 1, 39, 29
6, 1, 39, 29
6, 1, 39, 29
6, 1, 39, 29
6, 1, 39, 29
6, 1, 39, 29
6, 0, 39, 29
6, 0, 39, 29
6, 0, 39, 29
6, 0, 39, 29
6, 0, 39, 29
6, 0, 39, 29
6, 0, 39, 29
6, 0, 39, 29
6, 0, 39, 29
6, 0, 39, 29
6, 0, 39, 29
6, 0, 39, 29
6, 0, 39, 29
6, 0, 39, 29
6, 0, 39, 29
6, 0, 39, 29
6, 0, 39, 29
6, 0, 39, 29
6, 0, 39, 29
6, 0, 39, 29
6, 0, 39, 29
6, 0, 39, 29
6, 0, 39, 29
6, 0, 39, 29
6, 0, 39, 29
6, 0, 39, 29
6, 0, 39, 29
6, 0, 39, 29
6, 0, 39, 29
6, 0, 39, 29
6, 0, 39, 29
6, 0, 39, 29
6, 0, 39, 29
6, 0, 39, 29
6, 0, 39, 29
6, 0, 39, 29
6, 0, 39, 29
6, 0, 39, 29
6, 0, 39, 29
6, 0, 39, 29
5, 0, 39, 30
5, 0, 39, 30
5, 0, 39, 30
5, 0, 39, 30
5, 0, 39, 30
5, 0, 39, 30
5, 0, 39, 30
5, 0, 39, 30
5, 0, 39, 30
5, 0, 39, 30
5, 0, 39, 30
5, 0, 39, 30
5, 0, 39, 30
5, 0, 39, 30
5, 0, 39, 30
5, 0, 39, 30
5, 0, 39, 30
5, 0, 39, 30
5, 0, 39, 30
5, 0, 39, 30
5, 0, 39, 30
5, 0, 39, 30
5, 0, 39, 30
5, 0, 39, 30
5, 0, 39, 30
5, 0, 39, 30
5, 0, 39, 30
5, 0, 39, 30
5, 0, 39, 30
5, 0, 39, 30
5, 0, 39, 30
5, 0, 39, 30
5, 0, 39, 30
5, 0, 39, 30
5, 0, 39, 30
5, 0, 39, 30
5, 0, 39, 30
5, 0, 39, 30
5, 0, 39, 30
5, 0, 39, 30
5, 0, 39, 29
5, 0, 39, 29
5, 0, 39, 29
5, 0, 39, 29
5, 0, 39, 29
5, 0, 39, 29
5, 0, 39, 29
5, 0, 39, 29
5, 0, 39, 29
5, 0, 39, 29
4, 0, 38, 29
4, 0, 38, 29
4, 0, 38, 29
4, 0, 38, 29
4, 0, 38, 29
4, 0, 38, 29
4, 0, 38, 29
4, 0, 38, 29
4, 0, 38, 29
4, 0, 38, 29
4, 1, 38, 29
4, 1, 38, 29
4, 1, 38, 29
4, 1, 38, 29
4, 1, 38, 29
4, 1, 38, 29
4, 1, 38, 29
4, 1, 38, 29
4, 1, 38, 29
4, 1, 38, 29
4, 1, 38, 29
4, 1, 38, 29
4, 1, 38, 29
4, 1, 38, 29
4, 1, 38, 29
4, 1, 38, 29
4, 1, 38, 29
4, 1, 38, 29
4, 1, 38, 29
4, 1, 38, 29
4, 1, 38, 29
4, 1, 38, 29
4, 1, 38, 29
4, 1, 38, 29
4, 1, 38, 29
4, 1, 38, 29
4, 1, 38, 29
4, 1, 38, 29
4, 1, 38, 29
4, 1, 38, 29
4, 1, 38, 29
4, 1, 38, 29
4, 1, 38, 29
4, 1, 38, 29
4, 1, 38, 29
4, 1, 38, 29
4, 1, 38, 29
4, 1, 38, 29
4, 1, 38, 29
4, 1, 38, 29
4, 1, 37, 28
4, 1, 37, 28
4, 1, 37, 28
4, 1, 37, 28
4, 1, 37, 28
4, 1, 37, 28
4, 1, 37, 28
4, 1, 37, 28
4, 1, 37, 28
4, 1, 37, 28
4, 1, 37, 28
4, 1, 37, 28
4, 1, 37, 28
4, 1, 37, 28
4, 1, 37, 28
4, 1, 37, 28
4, 1, 37, 28
4, 1, 37, 28
4, 1, 37, 28
4, 1, 37, 28
4, 1, 37, 28
4, 1, 37, 28
4, 1, 37, 28
4, 1, 37, 28
4, 1, 37, 28
4, 1, 37, 28
4, 1, 37, 28
4, 1, 37, 28
4, 1, 37, 28
4, 1, 37, 28
3, 1, 37, 28
3, 1, 37, 28
3, 1, 37, 28
3, 1, 37, 28
3, 1, 37, 28
3, 1, 37, 28
3, 1, 37, 28
3, 1, 37, 28
3, 1, 37, 28
3, 1, 37, 28
3, 1, 37, 28
3, 1, 37, 28
3, 1, 37, 28
3, 1, 37, 28
3, 1, 37, 28
3, 1, 37, 28
3, 1, 37, 28
3, 1, 37, 28
3, 1, 37, 28
3, 1, 37, 28
3, 1, 37, 28
3, 1, 37, 28
3, 1, 37, 28
3, 1, 37, 28
3, 1, 37, 28
3, 1, 37, 28
3, 1, 37, 28
3, 1, 37, 28
3, 1, 37, 28
3, 1, 37, 28
3, 1, 37, 28
3, 1, 37, 28
3, 1, 37, 28
3, 1, 37, 28
3, 1, 37, 28
3, 1, 37, 28
3, 1, 37, 28
3, 1, 37, 28
3, 1, 37, 28
3, 1, 37, 28
3, 1, 37, 28
3, 1, 37, 28
3, 1, 37, 28
3, 1, 37, 28
3, 1, 37, 28
3, 1, 37, 28
3, 1, 37, 28
3, 1, 37, 28
3, 1, 37, 28
3, 1, 37, 28
3, 1, 37, 28
3, 1, 37, 28
3, 1, 37, 28
3, 1, 37, 28
3, 1, 37, 28
3, 1, 37, 28
3, 1, 37, 28
3, 1, 37, 28
3, 1, 37, 28
3, 1, 37, 28
3, 1, 37, 29
3, 1, 37, 29
3, 1, 37, 29
3, 1, 37, 29
3, 1, 37, 29
3, 1, 37, 29
3, 1, 37, 29
3, 1, 37, 29
3, 1, 37, 29
3, 1, 37, 29
3, 0, 37, 29
3, 0, 37, 29
3, 0, 37, 29
3, 0, 37, 29
3, 0, 37, 29
3, 0, 37, 29
3, 0, 37, 29
3, 0, 37, 29
3, 0, 37, 29
3, 0, 37, 29
3, 0, 37, 29
3, 0, 37, 29
3, 0, 37, 29
3, 0, 37, 29
3, 0, 37, 29
3, 0, 37, 29
3, 0, 37, 29
3, 0, 37, 29
3, 0, 37, 29
3, 0, 37, 29
3, 0, 37, 29
3, 0, 37, 29
3, 0, 37, 29
3, 0, 37, 29
3, 0, 37, 29
3, 0, 37, 29
3, 0, 37, 29
3, 0, 37, 29
3, 0, 37, 29
3, 0, 37, 29
3, 0, 37, 29
3, 0, 37, 29
3, 0, 37, 29
3, 0, 37, 29
3, 0, 37, 29
3, 0, 37, 29
3, 0, 37, 29
3, 0, 37, 29
3, 0, 37, 29
3, 0, 37, 29
3, 0, 37, 29
3, 0, 37, 29
3, 0, 37, 29
3, 0, 37, 29
3, 0, 37, 29
3, 0, 37, 29
3, 0, 37, 29
3, 0, 37, 29
3, 0, 37, 29
3, 0, 37, 29
3, 0, 37, 29
3, 0, 37, 29
3, 0, 37, 29
3, 0, 37, 29
3, 0, 37, 29
3, 0, 37, 29
3, 0, 37, 29
3, 0, 37, 29
3, 0, 37, 29
3, 0, 37, 29
3, 0, 37, 29
3, 0, 37, 29
3, 0, 37, 29
3, 0, 37, 29
3, 0, 37, 29
3, 0, 37, 29
3, 0, 37, 29
3, 0, 37, 29
3, 0, 37, 29
3, 0, 37, 29
3, 0, 37, 29
3, 0, 37, 29
3, 0, 37, 29
3, 0, 37, 29
3, 0, 37, 29
3, 0, 37, 29
3, 0, 37, 29
3, 0, 37, 29
3, 0, 37, 29
3, 0, 37, 29
3, 0, 37, 29
3, 0, 37, 29
3, 0, 37, 29
3, 0, 37, 29
3, 0, 37, 29
3, 0, 37, 29
3, 0, 37, 29
3, 0, 37, 29
3, 0, 37, 29
3, 0, 37, 29
3, 0, 37, 29
3, 0, 37, 29
3, 0, 37, 29
3, 0, 37, 29
3, 0, 37, 29
3, 0, 37, 29
3, 0, 37, 29
3, 0, 37, 29
3, 0, 37, 29
3, 0, 37, 29
3, 0, 37, 29
3, 0, 37, 29
3, 0, 37, 29
3, 0, 37, 29
3, 0, 37, 29
3, 0, 37, 29
3, 0, 37, 29
3, 0, 37, 29
3, 0, 37, 29
3, 0, 37, 29
2, 0, 37, 29
2, 0, 37, 29
2, 0, 37, 29
2, 0, 37, 29
2, 0, 37, 29
2, 0, 37, 29
2, 0, 37, 29
2, 0, 37, 29
2, 0, 37, 29
2, 0, 37, 29
2, 0, 37, 29
2, 0, 37, 29
2, 0, 37, 29
2, 0, 37, 29
2, 0, 37, 29
2, 0, 37, 29
2, 0, 37, 29
2, 0, 37, 29
2, 0, 37, 29
2, 0, 37, 29
2, 0, 37, 29
2, 0, 37, 29
2, 0, 37, 29
2, 0, 37, 29
2, 0, 37, 29
2, 0, 37, 29
2, 0, 37, 29
2, 0, 37, 29
2, 0, 37, 29
2, 0, 37, 29
2, 0, 36, 29
2, 0, 36, 29
2, 0, 36, 29
2, 0, 36, 29
2, 0, 36, 29
2, 0, 36, 29
2, 0, 36, 29
2, 0, 36, 29
2, 0, 36, 29
2, 0, 36, 29
2, 0, 37, 29
2, 0, 37, 29
2, 0, 37, 29
2, 0, 37, 29
2, 0, 37, 29
2, 0, 37, 29
2, 0, 37, 29
2, 0, 37, 29
2, 0, 37, 29
2, 0, 37, 29
2, 0, 37, 29
2, 0, 37, 29
2, 0, 37, 29
2, 0, 37, 29
2, 0, 37, 29
2, 0, 37, 29
2, 0, 37, 29
2, 0, 37, 29
2, 0, 37, 29
2, 0, 37, 29
2, 0, 36, 29
2, 0, 36, 29
2, 0, 36, 29
2, 0, 36, 29
2, 0, 36, 29
2, 0, 36, 29
2, 0, 36, 29
2, 0, 36, 29
2, 0, 36, 29
2, 0, 36, 29
2, 0, 36, 29
2, 0, 36, 29
2, 0, 36, 29
2, 0, 36, 29
2, 0, 36, 29
2, 0, 36, 29
2, 0, 36, 29
2, 0, 36, 29
2, 0, 36, 29
2, 0, 36, 29
2, 0, 36, 29
2, 0, 36, 29
2, 0, 36, 29
2, 0, 36, 29
2, 0, 36, 29
2, 0, 36, 29
2, 0, 36, 29
2, 0, 36, 29
2, 0, 36, 29
2, 0, 36, 29
2, 0, 37, 29
2, 0, 37, 29
2, 0, 37, 29
2, 0, 37, 29
2, 0, 37, 29
2, 0, 37, 29
2, 0, 37, 29
2, 0, 37, 29
2, 0, 37, 29
2, 0, 37, 29
2, 0, 37, 29
2, 0, 37, 29
2, 0, 37, 29
2, 0, 37, 29
2, 0, 37, 29
2, 0, 37, 29
2, 0, 37, 29
2, 0, 37, 29
2, 0, 37, 29
2, 0, 37, 29
2, 0, 37, 29
2, 0, 37, 29
2, 0, 37, 29
2, 0, 37, 29
2, 0, 37, 29
2, 0, 37, 29
2, 0, 37, 29
2, 0, 37, 29
2, 0, 37, 29
2, 0, 37, 29
3, 0, 37, 29
3, 0, 37, 29
3, 0, 37, 29
3, 0, 37, 29
3, 0, 37, 29
3, 0, 37, 29
3, 0, 37, 29
3, 0, 37, 29
3, 0, 37, 29
3, 0, 37, 29
3, 0, 37, 29
3, 0, 37, 29
3, 0, 37, 29
3, 0, 37, 29
3, 0, 37, 29
3, 0, 37, 29
3, 0, 37, 29
3, 0, 37, 29
3, 0, 37, 29
3, 0, 37, 29
3, 0, 37, 29
3, 0, 37, 29
3, 0, 37, 29
3, 0, 37, 29
3, 0, 37, 29
3, 0, 37, 29
3, 0, 37, 29
3, 0, 37, 29
3, 0, 37, 29
3, 0, 37, 29
3, 0, 37, 29
3, 0, 37, 29
3, 0, 37, 29
3, 0, 37, 29
3, 0, 37, 29
3, 0, 37, 29
3, 0, 37, 29
3, 0, 37, 29
3, 0, 37, 29
3, 0, 37, 29
3, 0, 37, 29
3, 0, 37, 29
3, 0, 37, 29
3, 0, 37, 29
3, 0, 37, 29
3, 0, 37, 29
3, 0, 37, 29
3, 0, 37, 29
3, 0, 37, 29
3, 0, 37, 29
3, 0, 37, 29
3, 0, 37, 29
3, 0, 37, 29
3, 0, 37, 29
3, 0, 37, 29
3, 0, 37, 29
3, 0, 37, 29
3, 0, 37, 29
3, 0, 37, 29
3, 0, 37, 29
3, 0, 37, 29
3, 0, 37, 29
3, 0, 37, 29
3, 0, 37, 29
3, 0, 37, 29
3, 0, 37, 29
3, 0, 37, 29
3, 0, 37, 29
3, 0, 37, 29
3, 0, 37, 29
3, 0, 37, 30
3, 0, 37, 30
3, 0, 37, 30
3, 0, 37, 30
3, 0, 37, 30
3, 0, 37, 30
3, 0, 37, 30
3, 0, 37, 30
3, 0, 37, 30
3, 0, 37, 30
3, 0, 37, 30
3, 0, 37, 30
3, 0, 37, 30
3, 0, 37, 30
3, 0, 37, 30
3, 0, 37, 30
3, 0, 37, 30
3, 0, 37, 30
3, 0, 37, 30
3, 0, 37, 30
3, 0, 37, 30
3, 0, 37, 30
3, 0, 37, 30
3, 0, 37, 30
3, 0, 37, 30
3, 0, 37, 30
3, 0, 37, 30
3, 0, 37, 30
3, 0, 37, 30
3, 0, 37, 30
3, 0, 37, 30
3, 0, 37, 30
3, 0, 37, 30
3, 0, 37, 30
3, 0, 37, 30
3, 0, 37, 30
3, 0, 37, 30
3, 0, 37, 30
3, 0, 37, 30
3, 0, 37, 30
3, 0, 37, 29
3, 0, 37, 29
3, 0, 37, 29
3, 0, 37, 29
3, 0, 37, 29
3, 0, 37, 29
3, 0, 37, 29
3, 0, 37, 29
3, 0, 37, 29
3, 0, 37, 29
3, 0, 37, 29
3, 0, 37, 29
3, 0, 37, 29
3, 0, 37, 29
3, 0, 37, 29
3, 0, 37, 29
3, 0, 37, 29
3, 0, 37, 29
3, 0, 37, 29
3, 0, 37, 29
3, 0, 37, 29
3, 0, 37, 29
3, 0, 37, 29
3, 0, 37, 29
3, 0, 37, 29
3, 0, 37, 29
3, 0, 37, 29
3, 0, 37, 29
3, 0, 37, 29
3, 0, 37, 29
3, 0, 37, 29
3, 0, 37, 29
3, 0, 37, 29
3, 0, 37, 29
3, 0, 37, 29
3, 0, 37, 29
3, 0, 37, 29
3, 0, 37, 29
3, 0, 37, 29
3, 0, 37, 29
3, 0, 37, 30
3, 0, 37, 30
3, 0, 37, 30
3, 0, 37, 30
3, 0, 37, 30
3, 0, 37, 30
3, 0, 37, 30
3, 0, 37, 30
3, 0, 37, 30
3, 0, 37, 30
3, 0, 37, 29
3, 0, 37, 29
3, 0, 37, 29
3, 0, 37, 29
3, 0, 37, 29
3, 0, 37, 29
3, 0, 37, 29
3, 0, 37, 29
3, 0, 37, 29
3, 0, 37, 29
3, 0, 37, 29
3, 0, 37, 29
3, 0, 37, 29
3, 0, 37, 29
3, 0, 37, 29
3, 0, 37, 29
3, 0, 37, 29
3, 0, 37, 29
3, 0, 37, 29
3, 0, 37, 29
3, 0, 37, 29
3, 0, 37, 29
3, 0, 37, 29
3, 0, 37, 29
3, 0, 37, 29
3, 0, 37, 29
3, 0, 37, 29
3, 0, 37, 29
3, 0, 37, 29
3, 0, 37, 29
2, 0, 37, 29
2, 0, 37, 29
2, 0, 37, 29
2, 0, 37, 29
2, 0, 37, 29
2, 0, 37, 29
2, 0, 37, 29
2, 0, 37, 29
2, 0, 37, 29
2, 0, 37, 29
2, 0, 37, 29
2, 0, 37, 29
2, 0, 37, 29
2, 0, 37, 29
2, 0, 37, 29
2, 0, 37, 29
2, 0, 37, 29
2, 0, 37, 29
2, 0, 37, 29
2, 0, 37, 29
2, 0, 36, 29
2, 0, 36, 29
2, 0, 36, 29
2, 0, 36, 29
2, 0, 36, 29
2, 0, 36, 29
2, 0, 36, 29
2, 0, 36, 29
2, 0, 36, 29
2, 0, 36, 29
2, 0, 36, 28
2, 0, 36, 28
2, 0, 36, 28
2, 0, 36, 28
2, 0, 36, 28
2, 0, 36, 28
2, 0, 36, 28
2, 0, 36, 28
2, 0, 36, 28
2, 0, 36, 28
1, 0, 35, 28
1, 0, 35, 28
1, 0, 35, 28
1, 0, 35, 28
1, 0, 35, 28
1, 0, 35, 28
1, 0, 35, 28
1, 0, 35, 28
1, 0, 35, 28
1, 0, 35, 28
0, 0, 35, 29
0, 0, 35, 29
0, 0, 35, 29
0, 0, 35, 29
0, 0, 35, 29
0, 0, 35, 29
0, 0, 35, 29
0, 0, 35, 29
0, 0, 35, 29
0, 0, 35, 29
0, 0, 35, 29
0, 0, 35, 29
0, 0, 35, 29
0, 0, 35, 29
0, 0, 35, 29
0, 0, 35, 29
0, 0, 35, 29
0, 0, 35, 29
0, 0, 35, 29
0, 0, 35, 29
0, 0, 34, 29
0, 0, 34, 29
0, 0, 34, 29
0, 0, 34, 29
0, 0, 34, 29
0, 0, 34, 29
0, 0, 34, 29
0, 0, 34, 29
0, 0, 34, 29
0, 0, 34, 29
0, 0, 34, 29
0, 0, 34, 29
0, 0, 34, 29
0, 0, 34, 29
0, 0, 34, 29
0, 0, 34, 29
0, 0, 34, 29
0, 0, 34, 29
0, 0, 34, 29
0, 0, 34, 29
0, 0, 34, 29
0, 0, 34, 29
0, 0, 34, 29
0, 0, 34, 29
0, 0, 34, 29
0, 0, 34, 29
0, 0, 34, 29
0, 0, 34, 29
0, 0, 34, 29
0, 0, 34, 29
0, 0, 34, 29
0, 0, 34, 29
0, 0, 34, 29
0, 0, 34, 29
0, 0, 34, 29
0, 0, 34, 29
0, 0, 34, 29
0, 0, 34, 29
0, 0, 34, 29
0, 0, 34, 29
0, 0, 34, 29
0, 0, 34, 29
0, 0, 34, 29
0, 0, 34, 29
0, 0, 34, 29
0, 0, 34, 29
0, 0, 34, 29
0, 0, 34, 29
0, 0, 34, 29
0, 0, 34, 29
0, 0, 34, 28
0, 0, 34, 28
0, 0, 34, 28
0, 0, 34, 28
0, 0, 34, 28
0, 0, 34, 28
0, 0, 34, 28
0, 0, 34, 28
0, 0, 34, 28
0, 0, 34, 28
0, 0, 34, 28
0, 0, 34, 28
0, 0, 34, 28
0, 0, 34, 28
0, 0, 34, 28
0, 0, 34, 28
0, 0, 34, 28
0, 0, 34, 28
0, 0, 34, 28
0, 0, 34, 28
0, 0, 34, 28
0, 0, 34, 28
0, 0, 34, 28
0, 0, 34, 28
0, 0, 34, 28
0, 0, 34, 28
0, 0, 34, 28
0, 0, 34, 28
0, 0, 34, 28
0, 0, 34, 28
0, 0, 34, 28
0, 0, 34, 28
0, 0, 34, 28
0, 0, 34, 28
0, 0, 34, 28
0, 0, 34, 28
0, 0, 34, 28
0, 0, 34, 28
0, 0, 34, 28
0, 0, 34, 28
0, 0, 34, 28
0, 0, 34, 28
0, 0, 34, 28
0, 0, 34, 28
0, 0, 34, 28
0, 0, 34, 28
0, 0, 34, 28
0, 0, 34, 28
0, 0, 34, 28
0, 0, 34, 28
0, 0, 34, 28
0, 0, 34, 28
0, 0, 34, 28
0, 0, 34, 28
0, 0, 34, 28
0, 0, 34, 28
0, 0, 34, 28
0, 0, 34, 28
0, 0, 34, 28
0, 0, 34, 28
0, 0, 34, 28
0, 0, 34, 28
0, 0, 34, 28
0, 0, 34, 28
0, 0, 34, 28
0, 0, 34, 28
0, 0, 34, 28
0, 0, 34, 28
0, 0, 34, 28
0, 0, 34, 28
0, 0, 34, 29
0, 0, 34, 29
0, 0, 34, 29
0, 0, 34, 29
0, 0, 34, 29
0, 0, 34, 29
0, 0, 34, 29
0, 0, 34, 29
0, 0, 34, 29
0, 0, 34, 29
0, 0, 34, 29
0, 0, 34, 29
0, 0, 34, 29
0, 0, 34, 29
0, 0, 34, 29
0, 0, 34, 29
0, 0, 34, 29
0, 0, 34, 29
0, 0, 34, 29
0, 0, 34, 29
0, 0, 34, 29
0, 0, 34, 29
0, 0, 34, 29
0, 0, 34, 29
0, 0, 34, 29
0, 0, 34, 29
0, 0, 34, 29
0, 0, 34, 29
0, 0, 34, 29
0, 0, 34, 29
0, 0, 34, 29
0, 0, 34, 29
0, 0, 34, 29
0, 0, 34, 29
0, 0, 34, 29
0, 0, 34, 29
0, 0, 34, 29
0, 0, 34, 29
0, 0, 34, 29
0, 0, 34, 29
0, 0, 34, 29
0, 0, 34, 29
0, 0, 34, 29
0, 0, 34, 29
0, 0, 34, 29
0, 0, 34, 29
0, 0, 34, 29
0, 0, 34, 29
0, 0, 34, 29
0, 0, 34, 29
0, 0, 34, 29
0, 0, 34, 29
0, 0, 34, 29
0, 0, 34, 29
0, 0, 34, 29
0, 0, 34, 29
0, 0, 34, 29
0, 0, 34, 29
0, 0, 34, 29
0, 0, 34, 29
0, 0, 34, 28
0, 0, 34, 28
0, 0, 34, 28
0, 0, 34, 28
0, 0, 34, 28
0, 0, 34, 28
0, 0, 34, 28
0, 0, 34, 28
0, 0, 34, 28
0, 0, 34, 28
0, 0, 34, 28
0, 0, 34, 28
0, 0, 34, 28
0, 0, 34, 28
0, 0, 34, 28
0, 0, 34, 28
0, 0, 34, 28
0, 0, 34, 28
0, 0, 34, 28
0, 0, 34, 28
0, 0, 34, 28
0, 0, 34, 28
0, 0, 34, 28
0, 0, 34, 28
0, 0, 34, 28
0, 0, 34, 28
0, 0, 34, 28
0, 0, 34, 28
0, 0, 34, 28
0, 0, 34, 28
0, 0, 34, 28
0, 0, 34, 28
0, 0, 34, 28
0, 0, 34, 28
0, 0, 34, 28
0, 0, 34, 28
0, 0, 34, 28
0, 0, 34, 28
0, 0, 34, 28
0, 0, 34, 28
0, 0, 34, 29
0, 0, 34, 29
0, 0, 34, 29
0, 0, 34, 29
0, 0, 34, 29
0, 0, 34, 29
0, 0, 34, 29
0, 0, 34, 29
0, 0, 34, 29
0, 0, 34, 29
1, 0, 33, 29
1, 0, 33, 29
1, 0, 33, 29
1, 0, 33, 29
1, 0, 33, 29
1, 0, 33, 29
1, 0, 33, 29
4, 2, 30, 25
4, 2, 30, 25
4, 2, 30, 25
4, 2, 30, 25
4, 2, 30, 25
4, 2, 30, 25
4, 2, 30, 25
4, 2, 30, 25
4, 2, 30, 25
4, 2, 30, 25
4, 2, 30, 25
4, 2, 30, 25
4, 2, 30, 25
4, 2, 30, 25
4, 2, 30, 25
4, 2, 30, 25
4, 2, 30, 25
4, 2, 30, 25
4, 2, 30, 25
4, 2, 30, 25
4, 2, 30, 25
4, 2, 30, 25
4, 2, 30, 25
4, 2, 30, 25
4, 2, 30, 25
4, 2, 30, 25
4, 2, 30, 25
4, 2, 30, 25
4, 2, 30, 25
4, 2, 30, 25
4, 2, 30, 25
4, 2, 30, 25
4, 2, 30, 25
4, 2, 30, 25
4, 2, 30, 25
4, 2, 30, 25
4, 2, 30, 25
4, 2, 30, 25
4, 2, 30, 25
4, 2, 30, 25
4, 2, 30, 25
4, 2, 30, 25
4, 2, 30, 25
4, 2, 30, 25
4, 2, 30, 25
4, 2, 30, 25
4, 2, 30, 25
4, 2, 30, 25
4, 2, 30, 25
4, 2, 30, 25
4, 2, 30, 25
4, 2, 30, 25
4, 2, 30, 25
4, 2, 30, 25
4, 2, 30, 25
4, 2, 30, 25
4, 2, 30, 25
4, 2, 30, 25
4, 2, 30, 25
4, 2, 30, 25
4, 2, 30, 25
4, 2, 30, 25
4, 2, 30, 25
4, 2, 30, 25
4, 2, 30, 25
4, 2, 30, 25
4, 2, 30, 25
4, 2, 30, 25
4, 2, 30, 25
4, 2, 30, 25
4, 2, 30, 25
4, 2, 30, 25
4, 2, 30, 25
4, 2, 30, 25
4, 2, 30, 25
4, 2, 30, 25
4, 2, 30, 26
4, 2, 30, 26
4, 2, 30, 26
4, 2, 30, 26
4, 2, 30, 26
4, 2, 30, 26
4, 2, 30, 26
4, 2, 30, 26
4, 2, 30, 26
4, 2, 30, 26
4, 2, 30, 25
4, 2, 30, 25
4, 2, 30, 25
4, 2, 30, 25
4, 2, 30, 25
4, 2, 30, 25
4, 2, 30, 25
4, 2, 30, 25
4, 2, 30, 25
4, 2, 30, 25
4, 2, 30, 26
4, 2, 30, 26
4, 2, 30, 26
4, 2, 30, 26
4, 2, 30, 26
4, 2, 30, 26
4, 2, 30, 26
4, 2, 30, 26
4, 2, 30, 26
4, 2, 30, 26
4, 2, 30, 26
4, 2, 30, 26
4, 2, 30, 26
4, 2, 30, 26
4, 2, 30, 26
4, 2, 30, 26
4, 2, 30, 26
4, 2, 30, 26
4, 2, 30, 26
4, 2, 30, 26
4, 1, 30, 26
4, 1, 30, 26
4, 1, 30, 26
4, 1, 30, 26
4, 1, 30, 26
4, 1, 30, 26
4, 1, 30, 26
4, 1, 30, 26
4, 1, 30, 26
4, 1, 30, 26
4, 1, 30, 26
4, 1, 30, 26
4, 1, 30, 26
4, 1, 30, 26
4, 1, 30, 26
4, 1, 30, 26
4, 1, 30, 26
4, 1, 30, 26
4, 1, 30, 26
4, 1, 30, 26
4, 1, 29, 26
4, 1, 29, 26
4, 1, 29, 26
4, 1, 29, 26
4, 1, 29, 26
4, 1, 29, 26
4, 1, 29, 26
4, 1, 29, 26
4, 1, 29, 26
5, 1, 30, 26
5, 1, 30, 26
5, 1, 30, 26
5, 1, 30, 26
5, 1, 30, 26
5, 1, 30, 26
5, 1, 30, 26
5, 1, 30, 26
5, 1, 30, 26
5, 1, 30, 26
5, 1, 30, 26
4, 1, 29, 26
4, 1, 29, 26
4, 1, 29, 26
4, 1, 29, 26
4, 1, 29, 26
4, 1, 29, 26
4, 1, 29, 26
4, 1, 29, 26
4, 1, 29, 26
4, 1, 29, 26
5, 1, 29, 26
5, 1, 29, 26
5, 1, 29, 26
5, 1, 29, 26
5, 1, 29, 26
5, 1, 29, 26
5, 1, 29, 26
5, 1, 29, 26
5, 1, 29, 26
5, 1, 29, 26
5, 1, 29, 26
5, 1, 29, 26
5, 1, 29, 26
5, 1, 29, 26
5, 1, 29, 26
5, 1, 29, 26
5, 1, 29, 26
5, 1, 29, 26
5, 1, 29, 26
5, 1, 29, 26
5, 1, 29, 26
5, 1, 29, 26
5, 1, 29, 26
5, 1, 29, 26
5, 1, 29, 26
5, 1, 29, 26
5, 1, 29, 26
5, 1, 29, 26
5, 1, 29, 26
5, 1, 29, 26
5, 2, 29, 26
5, 2, 29, 26
5, 2, 29, 26
5, 2, 29, 26
5, 2, 29, 26
5, 2, 29, 26
5, 2, 29, 26
5, 2, 29, 26
5, 2, 29, 26
5, 2, 29, 26
5, 1, 29, 26
5, 1, 29, 26
5, 1, 29, 26
5, 1, 29, 26
5, 1, 29, 26
5, 1, 29, 26
5, 1, 29, 26
5, 1, 29, 26
5, 1, 29, 26
5, 1, 29, 26
5, 1, 29, 26
5, 1, 29, 26
5, 1, 29, 26
5, 1, 29, 26
5, 1, 29, 26
5, 1, 29, 26
5, 1, 29, 26
5, 1, 29, 26
5, 1, 29, 26
5, 1, 29, 26
5, 1, 29, 26
5, 1, 29, 26
5, 1, 29, 26
5, 1, 29, 26
5, 1, 29, 26
5, 1, 29, 26
5, 1, 29, 26
5, 1, 29, 26
5, 1, 29, 26
5, 1, 29, 26
5, 1, 29, 26
5, 1, 29, 26
5, 1, 29, 26
5, 1, 29, 26
5, 1, 29, 26
5, 1, 29, 26
5, 1, 29, 26
5, 1, 29, 26
5, 1, 29, 26
5, 1, 29, 26
5, 1, 29, 26
5, 1, 29, 26
5, 1, 29, 26
5, 1, 29, 26
5, 1, 29, 26
5, 1, 29, 26
5, 1, 29, 26
5, 1, 29, 26
5, 1, 29, 26
5, 1, 29, 26
5, 1, 29, 26
5, 1, 29, 26
5, 1, 29, 26
5, 1, 29, 26
5, 1, 29, 26
5, 1, 29, 26
5, 1, 29, 26
5, 1, 29, 26
5, 1, 29, 26
5, 1, 29, 26
5, 1, 29, 26
5, 1, 29, 26
5, 1, 29, 26
5, 1, 29, 26
5, 1, 29, 26
5, 1, 29, 26
5, 1, 29, 26
5, 1, 29, 26
5, 1, 29, 26
5, 1, 29, 26
5, 1, 29, 25
5, 1, 29, 25
5, 1, 29, 25
5, 1, 29, 25
5, 1, 29, 25
5, 1, 29, 25
5, 1, 29, 25
5, 1, 29, 25
5, 1, 29, 25
6, 1, 29, 25
6, 1, 29, 25
6, 1, 29, 25
6, 1, 29, 25
6, 1, 29, 25
6, 1, 29, 25
6, 1, 29, 25
6, 1, 29, 25
6, 1, 29, 25
6, 1, 29, 25
6, 2, 28, 25
6, 2, 28, 25
6, 2, 28, 25
6, 2, 28, 25
6, 2, 28, 25
6, 2, 28, 25
6, 2, 28, 25
6, 2, 28, 25
6, 2, 28, 25
6, 2, 28, 25
6, 2, 28, 25
6, 2, 28, 25
6, 2, 28, 25
6, 2, 28, 25
6, 2, 28, 25
6, 2, 28, 25
6, 2, 28, 25
6, 2, 28, 25
6, 2, 28, 25
6, 2, 28, 25
6, 2, 28, 25
6, 2, 28, 25
6, 2, 28, 25
6, 2, 28, 25
6, 2, 28, 25
6, 2, 28, 25
6, 2, 28, 25
6, 2, 28, 25
6, 2, 28, 25
6, 2, 28, 25
6, 1, 28, 25
6, 1, 28, 25
6, 1, 28, 25
6, 1, 28, 25
6, 1, 28, 25
6, 1, 28, 25
6, 1, 28, 25
6, 1, 28, 25
6, 1, 28, 25
6, 1, 28, 25
6, 1, 28, 25
6, 1, 28, 25
6, 1, 28, 25
6, 1, 28, 25
6, 1, 28, 25
6, 1, 28, 25
6, 1, 28, 25
6, 1, 28, 25
6, 1, 28, 25
6, 1, 28, 25
6, 1, 28, 25
6, 1, 28, 25
6, 1, 28, 25
6, 1, 28, 25
6, 1, 28, 25
6, 1, 28, 25
6, 1, 28, 25
6, 1, 28, 25
6, 1, 28, 25
6, 1, 28, 25
6, 1, 28, 26
6, 1, 28, 26
6, 1, 28, 26
6, 1, 28, 26
6, 1, 28, 26
6, 1, 28, 26
6, 1, 28, 26
6, 1, 28, 26
6, 1, 28, 26
6, 1, 28, 26
7, 1, 28, 26
7, 1, 28, 26
7, 1, 28, 26
7, 1, 28, 26
7, 1, 28, 26
7, 1, 28, 26
7, 1, 28, 26
7, 1, 28, 26
7, 1, 28, 26
7, 1, 28, 26
7, 1, 28, 25
7, 1, 28, 25
7, 1, 28, 25
7, 1, 28, 25
7, 1, 28, 25
7, 1, 28, 25
7, 1, 28, 25
7, 1, 28, 25
7, 1, 28, 25
7, 1, 28, 25
7, 1, 27, 25
7, 1, 27, 25
7, 1, 27, 25
7, 1, 27, 25
7, 1, 27, 25
7, 1, 27, 25
7, 1, 27, 25
7, 1, 27, 25
7, 1, 27, 25
7, 1, 27, 25
7, 2, 27, 25
7, 2, 27, 25
7, 2, 27, 25
7, 2, 27, 25
7, 2, 27, 25
7, 2, 27, 25
7, 2, 27, 25
7, 2, 27, 25
7, 2, 27, 25
7, 2, 27, 25
7, 2, 27, 25
8, 2, 27, 25
8, 2, 27, 25
8, 2, 27, 25
8, 2, 27, 25
8, 2, 27, 25
8, 2, 27, 25
8, 2, 27, 25
8, 2, 27, 25
8, 2, 27, 25
8, 2, 26, 25
8, 2, 27, 25
8, 2, 27, 25
8, 2, 27, 25
8, 2, 27, 25
8, 2, 27, 25
8, 2, 27, 25
8, 2, 27, 25
8, 2, 27, 25
8, 2, 27, 25
8, 2, 26, 25
8, 2, 26, 25
8, 2, 26, 25
8, 2, 26, 25
8, 2, 26, 25
8, 2, 26, 25
8, 2, 26, 25
8, 2, 26, 25
8, 2, 26, 25
8, 2, 26, 25
8, 1, 26, 25
8, 1, 26, 25
8, 1, 26, 25
8, 1, 26, 25
8, 1, 26, 25
8, 1, 26, 25
8, 1, 26, 25
8, 1, 26, 25
8, 1, 26, 25
8, 1, 26, 25
8, 1, 26, 25
8, 1, 26, 25
8, 1, 26, 25
8, 1, 26, 25
8, 1, 26, 25
8, 1, 26, 25
8, 1, 26, 25
8, 1, 26, 25
8, 1, 26, 25
8, 1, 26, 25
8, 1, 26, 25
8, 1, 26, 25
8, 1, 26, 25
8, 1, 26, 25
8, 1, 26, 25
8, 1, 26, 25
8, 1, 26, 25
8, 1, 26, 25
8, 1, 26, 25
8, 1, 26, 25
9, 1, 26, 25
9, 1, 26, 25
9, 1, 26, 25
9, 1, 26, 25
9, 1, 26, 25
9, 1, 26, 25
9, 1, 26, 25
9, 1, 26, 25
9, 1, 26, 25
9, 1, 26, 25
9, 1, 26, 25
9, 1, 26, 25
9, 1, 26, 25
9, 1, 26, 25
9, 1, 26, 25
9, 1, 26, 25
9, 1, 26, 25
9, 1, 26, 25
9, 1, 26, 25
9, 1, 26, 25
9, 1, 26, 25
9, 1, 26, 25
9, 1, 26, 25
9, 1, 26, 25
9, 1, 26, 25
9, 1, 26, 25
9, 1, 26, 25
9, 1, 26, 25
9, 1, 26, 25
9, 1, 26, 25
9, 1, 26, 25
9, 1, 26, 25
9, 1, 26, 25
9, 1, 26, 25
9, 1, 26, 25
9, 1, 26, 25
9, 1, 26, 25
9, 1, 26, 25
9, 1, 26, 25
9, 1, 26, 25
9, 1, 26, 25
9, 1, 26, 25
9, 1, 26, 25
9, 1, 26, 25
9, 1, 26, 25
9, 1, 26, 25
9, 1, 26, 25
9, 1, 26, 25
9, 1, 26, 25
9, 1, 26, 25
9, 0, 26, 26
9, 0, 26, 26
9, 0, 26, 26
9, 0, 26, 26
9, 0, 26, 26
9, 0, 26, 26
9, 0, 26, 26
9, 0, 26, 26
9, 0, 26, 26
9, 0, 26, 26
9, 0, 26, 26
9, 0, 26, 26
9, 0, 26, 26
9, 0, 26, 26
9, 0, 26, 26
9, 0, 26, 26
9, 0, 26, 26
9, 0, 26, 26
9, 0, 26, 26
9, 0, 26, 26
9, 0, 26, 26
9, 0, 26, 26
9, 0, 26, 26
9, 0, 26, 26
9, 0, 26, 26
9, 0, 26, 26
9, 0, 26, 26
9, 0, 26, 26
9, 0, 26, 26
9, 0, 26, 26
10, 0, 26, 26
10, 0, 26, 26
10, 0, 26, 26
10, 0, 26, 26
10, 0, 26, 26
10, 0, 26, 26
10, 0, 26, 26
10, 0, 26, 26
10, 0, 26, 26
10, 0, 26, 26
10, 0, 26, 26
10, 0, 26, 26
10, 0, 26, 26
10, 0, 26, 26
10, 0, 26, 26
10, 0, 26, 26
10, 0, 26, 26
10, 0, 26, 26
10, 0, 26, 26
10, 0, 26, 26
10, 0, 26, 26
10, 0, 26, 26
10, 0, 26, 26
10, 0, 26, 26
10, 0, 26, 26
10, 0, 26, 26
10, 0, 26, 26
10, 0, 26, 26
10, 0, 26, 26
10, 0, 26, 26
10, 0, 26, 26
10, 0, 26, 26
10, 0, 26, 26
10, 0, 26, 26
10, 0, 26, 26
10, 0, 26, 26
10, 0, 26, 26
10, 0, 26, 26
10, 0, 26, 26
10, 0, 26, 26
10, 0, 25, 26
10, 0, 25, 26
10, 0, 25, 26
10, 0, 25, 26
10, 0, 25, 26
10, 0, 25, 26
10, 0, 25, 26
10, 0, 25, 26
10, 0, 25, 26
10, 0, 25, 26
10, 0, 25, 26
10, 0, 25, 26
10, 0, 25, 26
10, 0, 25, 26
10, 0, 25, 26
10, 0, 25, 26
10, 0, 25, 26
10, 0, 25, 26
10, 0, 25, 26
10, 0, 25, 26
11, 0, 25, 27
11, 0, 25, 27
11, 0, 25, 27
11, 0, 25, 27
11, 0, 25, 27
11, 0, 25, 27
11, 0, 25, 27
11, 0, 25, 27
11, 0, 25, 27
11, 0, 25, 27
11, 0, 25, 27
11, 0, 25, 27
11, 0, 25, 27
11, 0, 25, 27
11, 0, 25, 27
11, 0, 25, 27
11, 0, 25, 27
11, 0, 25, 27
11, 0, 25, 27
11, 0, 25, 27
11, 0, 25, 26
11, 0, 25, 26
11, 0, 25, 26
11, 0, 25, 26
11, 0, 25, 26
11, 0, 25, 26
11, 0, 25, 26
11, 0, 25, 26
11, 0, 25, 26
11, 0, 25, 26
11, 0, 25, 26
11, 0, 25, 26
11, 0, 25, 26
11, 0, 25, 26
11, 0, 25, 26
11, 0, 25, 26
11, 0, 25, 26
11, 0, 25, 26
11, 0, 25, 26
11, 0, 25, 26
11, 0, 24, 26
11, 0, 24, 26
11, 0, 24, 26
11, 0, 24, 26
11, 0, 24, 26
11, 0, 24, 26
11, 0, 24, 26
11, 0, 24, 26
11, 0, 24, 26
11, 0, 24, 26
11, 0, 24, 26
11, 0, 24, 26
11, 0, 24, 26
11, 0, 24, 26
11, 0, 24, 26
11, 0, 24, 26
11, 0, 24, 26
11, 0, 24, 26
11, 0, 24, 26
11, 0, 24, 26
12, 0, 24, 26
12, 0, 24, 26
12, 0, 24, 26
12, 0, 24, 26
12, 0, 24, 26
12, 0, 24, 26
12, 0, 24, 26
12, 0, 24, 26
12, 0, 24, 26
12, 0, 24, 26
12, 0, 24, 26
12, 0, 24, 26
12, 0, 24, 26
12, 0, 24, 26
12, 0, 24, 26
12, 0, 24, 26
12, 0, 24, 26
12, 0, 24, 26
12, 0, 24, 26
12, 0, 24, 26
12, 0, 24, 26
12, 0, 24, 26
12, 0, 24, 26
12, 0, 24, 26
12, 0, 24, 26
12, 0, 24, 26
12, 0, 24, 26
12, 0, 24, 26
12, 0, 24, 26
12, 0, 24, 26
12, 0, 24, 26
12, 0, 24, 26
12, 0, 24, 26
12, 0, 24, 26
12, 0, 24, 26
12, 0, 24, 26
12, 0, 24, 26
12, 0, 24, 26
12, 0, 24, 26
12, 0, 24, 26
12, 0, 24, 26
12, 0, 24, 26
12, 0, 24, 26
12, 0, 24, 26
12, 0, 24, 26
12, 0, 24, 26
12, 0, 24, 26
12, 0, 24, 26
12, 0, 24, 26
12, 0, 24, 26
13, 0, 23, 26
13, 0, 23, 26
13, 0, 23, 26
13, 0, 23, 26
13, 0, 23, 26
13, 0, 23, 26
13, 0, 23, 26
13, 0, 23, 26
13, 0, 23, 26
13, 0, 23, 26
13, 0, 23, 26
13, 0, 23, 26
13, 0, 23, 26
13, 0, 23, 26
13, 0, 23, 26
13, 0, 23, 26
13, 0, 23, 26
13, 0, 23, 26
13, 0, 23, 26
13, 0, 23, 26
13, 0, 23, 26
13, 0, 23, 26
13, 0, 23, 26
13, 0, 23, 26
13, 0, 23, 26
13, 0, 23, 26
13, 0, 23, 26
13, 0, 23, 26
13, 0, 23, 26
13, 0, 23, 26
